19, Piem
Paranoia (feat. Qzen), John Tejada
Vibing, Detlef
Bang Bang (Original Mix), Alex Bohemien
Angie (Extended Mix), Prok & Fitch
More Power, Bicho, CosmicFellas
Be Sharp Say Nowt (Original Mix), Patrick Topping
Seeing & Believing (Extended Mix), Chris Stussy
Feels Good (feat. HanLei) (Extended Mix), Josh Butler
Patience (Archie Hamilton Remix), Tomàn
Forget (Extended Mix), Prok & Fitch, Mizbee
Really Really Hot (Original Mix), Eddy M
Exit (Original Mix), Sante Sansone
El Primer Corazón (Original Mix), Classmatic
FEELING GOOD, GOLFOS
On Me, Nic Joseph
Cloud, Gruuve
Virgo's Victory, Charlie Soul Clap
Closer, Jaden Thompson
No Hay Mañana, Hector Oaks
Fairground (Jesse Mass Remix), Elléot
Third Eye, Proudly People
