Paranoia, John Tejada
Bang Bang (Original mix), Bohemien
Like This, Ron Costa
Be Sharp Say Nowt, Patrick Topping
Feels Good (feat. HanLei), Josh Butler
RUFFNECK BROTHER, TREASURE SERIES
El Primer Corazón, Classmatic
FEELING GOOD (JBL MIX), GOLFOS
Forget, Prok & Fitch
Really Really Hot, Eddy M
Mr. Liar, Dimmish
Exit, Sante Sansone
Benja, Simas
Cloud (Extended Mix), Gruuve
Virgo's Victory (Stripped Mix), Charlie Soul Clap
My Cheri, Green Velvet
No Hay Mañana (Club Mix), Héctor Oaks
Fairground (Jesse Maas Remix Edit), Elleot
Third Eye (Original Mix), Proudly People
Cuba Libre, Carlo Lio
Funx, Andre Salmon
Nu Sound of Disko, Andre Salmon
Mewafill, Stefano Kosa
Fever (Original Mix), Dennis Cruz
Talk, Bassel Darwish
Poke Bowl, Dennis Cruz
Wrong Impression, Eddy M
Something Spectacular, PAWSA
Chit Chat, Reelow
ticket to childhood, Vladimir Dubyshkin
Ravinghook, Rafa Barrios
