You're Everything (DJ Chus Remix), Huxley
Mind Bend feat. Daniel Bell, John Tejada, Justin Maxwell
HEART ATTACK (feat. lau.ra) (Patrick Topping Remix), BRONSON
Feel Good (Paul Johnson Dance Floor Remix), Giuseppe Scarano
Honey (feat. Matthew Dear) (Patrick Topping Extended Mix), Dense & Pika
WE MOVE (EXTENDED MIX), PAWSA
This Time, Pirate Copy
Closer, Jaden Thompson
Sun Express (Emergency Mix), Fantastic Man
Back to the Old, Squicciarini
We Came, Santé
Binford, Matthias Tanzmann
Without You, Classmatic
Satisfy Me feat. Cami Jones, Andre Salmon
19, Piem
Get Up Monkey, Neverdogs
Monkey Beat (Fortyseven Macaco Mix), Neverdogs
Paranoia, John Tejada
Jus' Listen, Luuk Van Dijk
10AM Fuse, Seb Zito
Clover, Yamil
Onset, Latmun
A Whole Lot, Jhacker Flow Music
Business & Pleasure, Dennis Cruz
On The Run (Antonio Rec Remix), Piem
Sonic Boom (Extended), Guy Mac
Waku Waku, Guy Mac
Flowers in the Garden, Danae
Nesrib (2019 Remaster), SIS
Groove Dealer, Blackchild (ITA)
Jet Black (Original Mix), Mr. G
Fake (Original Mix), Steve Darko
020, Niteplan
Le Freak, Jamie Fielding
Temptation, Piem
No Probbbbb, Rendher
Phones Off Please, Jamie Fielding
Pure Evil, Obskür
Little Helper 389-3, Butane
Sold Out, Eurostep
Bodyworkin, High Soundsystem
Do You Love Me (Technasia remix), Amine Edge & DANCE
A Night At Tropicana Club, Jeff The Fool
Something Different, Workerz
Descartes Before The Horse, Third Son
The Tribute, Acid Jerks
El Nuevo Misterio, Luciano Garrido
She Got Me On, Paul Johnson
Waiting For You, Sydney Blu
Slab, Chaos In The CBD
Ouhweha, Chicks Luv Us
Eyes Like Paradise, Chicks Luv Us
Bang Bang (Original mix), Bohemien
Angie (Extended Mix), Prok & Fitch
Like This, Ron Costa
Paint A Picture, ANOTR
Esta Noche, YOUniverse (IT)
More Power, Bicho
Dancing Like Madonna, Rendher
Stopped World, Alexic Rod
Ritmika, Alexic Rod
Detox, Alexic Rod
Gangsta Groove, Miguel Bastida
Still Doesn't Care, Luuk Van Dijk
A Better Light (The Martinez Brothers Cuttin' Headz Dub), Santos Resiak
The Funk, Andre Zimmer
Indiance, Prok & Fitch
Goodie Bag, Eddy M
Señorita, Classmatic
Bape, Classmatic
Forget The Past, Classmatic
El Primer Corazón, Classmatic
Your Loving Hand, Blackchild (ITA)
FEELING GOOD (JBL MIX), GOLFOS
Party in progress B Side, Pat Wilson
Overzealous, Mr. Nuñez
Forget, Prok & Fitch
Really Really Hot, Eddy M
Chill Bill, Brisotti
Feel Good, mrT & SimoV
Let’s Get This, Sally C
Exit, Sante Sansone
IPAP, Joe Vanditti
G TALES, Viot
Looking For, Dennis Cruz
Desde, Carlo
Cirque Du Freak, Azteca
Benja, Simas
Lost In Paradise (Extended), Francesco Parente
Groove La Afrika, Melé
Cloud, Gruuve
The Green Light, Darius Syrossian
Mercy Me (Jordan Masters Remix), Darius Syrossian
Sides, Latmun
Everybody Dancing, Luke Alessi
Cloud (Extended Mix), Gruuve
Collapse, Per Hammar
Gonna Take My Time, Nenor
Virgo's Victory (Stripped Mix), Charlie Soul Clap
Rat's a Rat, Eden Burns
Dubaholics, Ozzie Guven
Fairytale Frequency, Jamie Jones
Thirsty Eyes, Jaden Thompson
Lose Myself, Carlo Gambino
Dance For You, Carlo Gambino
What a Bam, Guille Placencia
The Inspector, Guille Placencia
Flamingo, Guille Placencia
Red Light, Sunday Noise
Out of My Mind, Sunday Noise
Stereo, Motion Sky
My Cheri, Green Velvet
Cruising On The Playa, Salomé Le Chat
Jazz Fusic, Chris Lattner
Stop It, Di Chiara Brothers
Nasty, Sally C
Fairground (Jesse Maas Remix Edit), Elleot
Kilombito Mal (feat. Antonia Montero), Toman
Chain Gang (Original Mix), Tre Reynolds
Gunshots, Giulio Cadri
Third Eye (Original Mix), Proudly People
Loh Flaite, Pablo Inzunza
Purple Chips, Kareem Cali
Engine No 5, Alan Nieves
Cuba Libre, Carlo Lio
London Town, Wess
Side Piece, Wess
Funx, Andre Salmon
Pull Up, Kofla
Mewafill, Stefano Kosa
Fever (Original Mix), Dennis Cruz
Talk, Bassel Darwish
Poke Bowl, Dennis Cruz
Wrong Impression, Eddy M
Something Spectacular, PAWSA
Chit Chat, Reelow
Ravinghook, Rafa Barrios
