92 Thing (Original Mix), Eli Brown
About That (Original Mix), Dateless
After Hour Sweets (Truncate's No Vox Remix), Harvard Bass
All Flow Rhythm Stack (Original Mix), Kolombo
All I Want, Chus & Ceballos
Argew Neka (Original Mix), Emanuel Satie
Baby (Original Mix), Avision
Back 2 Front (Original Mix), PAWSA
Bassline (Original Mix), Satoshi Tomiie
Bassline Shuffle, Sidney Charles
Blessed, Tiga & The Martinez Brothers
Bottom Heavy, Jerome Sydenham, Fatima Njai
Broke My Heart (Original Mix), Legit Trip
Bumbum (Original Mix), Groove Killah
City Club (Original Mix), FJAAK
Closing Doors (Original Mix), Squicciarini
Control (Original Mix), Harry Romero
Cuando Mueves (The Deepshakerz Latin Re-rub mix), Dateless
Dial Tone (Original Mix), Rebuke
Down (Original Mix), Otistic (DE)
Ergot (Original Mix), Damian Lazarus
Ex Stacy (Original Mix), Eddy M
Feel My Butterfly (Jamie Jones Tribute To Aaron Carl Remix), Parris Mitchell
Fever (Original Mix), Route 94, Eda Eren
Five (Original Mix), Dennis Cruz
Flight Pattern (Original Mix), Urulu
Girl Meets Boy (Original Mix), Carlo Lio, Nathan Barato
Good Feelings, Martin Ikin
HOLE 9 (BIRDIE MIX), GOLFOS
Here And Now (INVU's Lexicon Remix), Markus Homm
Honey (feat. Matthew Dear) (Patrick Topping Remix), Dense & Pika
House Forever, Frankie Bones
Illustration, Rafa Barrios
JENNY IS DANCING (SALSA MIX), GOLFOS
Jack Endlessly (Original Mix), Sidney Charles
Jack My Yum (Original Mix), Tiger Stripes
Jus Sayin (Ecstasy), Steve Lawler
Lemonade (Original Mix), Michael Bibi
Lights Out (Original Mix), Rone White
Make It Up (Hackman Remix), Tirzah
Mind Bend (feat. Daniel Bell), John Tejada
Monster Tube, Oscar L
Mother F*cker (Original Mix), Dennis Cruz
Motorola (Max Chapman Remix), Gorgon City
Mr. Blasta (Original Mix), Dateless
Ogunhe (Extended), Hassler
Paradise (feat. Insight) (Extended), Rossi.
Paris Madness (Club), Samaran
Pinger (Goodies Edit), Youandewan
Play In The Dark (Troxler's Freak Mix), Seth Troxler
Rayna (Shanti Celeste Remix), Trance Wax
Rocket Fuel (Original Mix), Patrick Topping
SMML, t e s t p r e s s
See You Next Tuesday (Danny Tenaglia's Return to Twilo Mix), Carl Cox, Nicole Moudaber
Show Me (Original Mix), Eddy M
Skum (Extended Mix), Rafa Barrios
Somewhere Comes To Me (Original Mix), Dateless
Stay With Me (Original Mix), Sergio Sergi
THE BOOMBOX (EXTENDED MIX), PAWSA
The Birds (Original Mix), Cosmicfellas
The Spirit, Mighty Mouse
Topinambur, Robag Wruhme
Toxic Funk (Dennis Cruz Remix), Ramon Tapia
Utopia 303 (Original Mix), Dateless
Vibing (Original Mix), Detlef
Whispers In The Wind (Original Mix), Michael Bibi
Work This Track (126 Bpm), Truncate
