Rocket Fuel, Patrick Topping
Jack My Yum, Tiger Stripes
Mr. Blasta, Dateless
Utopia 303, Dateless
Somewhere Comes To Me, Dateless
Control, Harry Romero
Good Feelings, Martin Ikin
Lemonade, Michael Bibi
The Spirit, Mighty Mouse
Monster Tube, Oscar L
Fever, Route 94
Bassline, Satoshi Tomiie
Paris Madness, Samaran
Jack Endlessly, Sidney Charles
Dial Tone, Rebuke
House Forever, Frankie Bones
92 Thing, Eli Brown
All Flow Rhythm Stack, Kolombo
Back 2 Front, PAWSA
City Club, Fjaak
Bottom Heavy, Jerome Sydenham, Fatima Njai
About That (Original Mix), Dateless
All I Want, Chus & Ceballos
Bassline Shuffle, Sidney Charles
Blessed, Tiga & The Martinez Brothers
Topinambur, Robag Wruhme
SMML, t e s t p r e s s
Honey (feat. Matthew Dear) (Patrick Topping Remix), Dense & Pika
Here And Now, Markus Homm
Play In The Dark, Seth Troxler
Rayna, Trance Wax
Work This Track, Truncate
