Altai (Rene Wise Remix), David LÃ¶hlein
Aura (Pan-Pot Remix), Anja Schneider
Backstage Gathering (Original Mix), Keith Carnal
Break The Rules (Original Mix), Chriz.jae
Breathe Deep, Spartaque
Concentrate (Josh Wink Interpretation), Truncate
Echelon (Original Mix), Vinicius Honorio
Elasticity (Alden Tyrell), Edwin Oosterwal
Fairy Dust, ANNE (GR)
First Phase (PAS Jam 1), Truncate
Hong Kong (Night), MATRiXXMAN
Hush Now, Nene H
Identifier (Marcel Dettmann Remix), Deniro
No Love Lost (Temudo Remix), Vinicius Honorio
November, Skudge
Ples (Original Mix), Mind Machines
Psykhosis, Phyxix
Reach, Truncate
Schizophrenia (Original Mix), Danny Wabbit
The Advanced Series Vol II B1 (Mark Broom Edit), Mark Broom
Thirty Seven (Original Mix), Dotdat
Understand Me (PTU Remix), Agency666
We Will Not All Fall (Matrixxman Remix), P.E.A.R.L.
aahan - idle, nan
