Hong Kong ((Night)), MATRiXXMAN
05h33 (Adagio, Piano Sonata No. 14, "Moonlight") (Beethoven Remixed), Anna Moreau
Elasticity (Alden Tyrell Remix), Edwin Oosterwal
Break The Rules (Original mix), Chriz.jae
Ikat, Amotik
Right Mood Supplier, Chlär
Two Faced, Michael Klein
Effecter, Skov Bowden
The Drill, Truncate
The Hammer, Truncate
Even Mike (Dissolver Remix), Wave Corners
Modify (Dustin Zahn Remix), Truncate
Loosing Marbles, Cari Lekebusch
Phaeses, Black Girl / White Girl
Frustration, Arthur Robert
Ikagema (Danny Wabbit), Canticle Records
Detroit Stab, Josh Wink
It's a Common Thing, Chlär
