$iTTIN, Tlim Shug
1997, Jossy Mitsu
39 Times (Confrontation) (Extended Mix), Chaney
A.A.L.A.S, Denis Sulta
ALL THESE INSTRUMENTS (AceMo Remix), Nick Hakim
Above (Extended Mix), Girls of the Internet
Ain't You Pretty feat. Deborah Cox (Extended Mix), Deborah Cox, Ango Tamarin
All Of The Time (DJ Streaks Remix), Jungle
All the Basses, L-HORZE
Always Yours (subdaio edit), Clara La San
As Long As There's Love Around (Original Mix), Farben
Bacchus Won't Stop (Original Mix), Eden Burns, Christopher Tubbs
Billy Green Is Ded, WBEEZA
Black Russian, DVS1
Blood Moon (Original Mix), Feater
Boogie Trippin, Chris Stussy
Born a Loser (Mad Rey Remix), Myd
Bound Together, Route 8
Broke My Heart (Original Mix), Legit Trip
Broken Ring (Original Mix), THEOS
Calliope, Cassius
Can you (Galcher Lustwerk Remix), 박혜진 park hye jin
Can't Help It, Baba Stiltz
Closer (Extended Mix), Flashmob
Colouration (Original Mix), Glenn Underground
Conscious Of My Conscience (Borrowed Identity Remix), Freaks
Crave You (Hush Hush Bootleg), Flight Facilities
Dancing, No Sleep (Danny Howard's Deeper Extended Mix), Andrea Oliva
Determination (Dub), Justin Jay
Dighaus, Kevin Over
Disko Axiom, Terr
Don't Leave Me, Fjaak
Don't Say a Word, &on&on
Don't say a word (Original Mix), &on&on
Dormancy (Jon Hester Remix), Eddie Hale
Dreaming of a Disco (Original Mix), Baltra
Duophonie (Club Mix), Tour-Maubourg
Ease Ya Mind (Mango Boys Dub), Mr. G
Equation, Palms Trax
Ethereal Stepping (Original Mix), AceMo, MoMa Ready, AceMoMa
Evening Drive, Chris Stussy
Expert Sleeper, Grant Turismo
Final Credits (Original Mix), Midland
Force, Technasia
Freak Like U (Club Mix), Masarima
Gianluca Monfrecola - Black Sheep (Original Mix), nan
Got 2 Be Loved (Extended Mix), Soul Reductions
Grand Hi, Bruise
Groove Therapy (Lexis Meets Universal 'Photek Remix'), Lexis
Gypsy Woman (She's Homeless), Crystal Waters
Haven't You Heard (Butch Remix), Alan Fitzpatrick, Patrice Rushen
Heard It, Madcat
Heaven Could Be Lately, Jayda G
Hold On (Classic Vocal), Romanthony
Holiday, Roy Ayers
Holy (Totally Enormous Extinct Dinosaurs Remix), Damian Lazarus
Hot (Original Mix), Dompe
Hypnotize , DJ Ædidias
I Believe In You (Original Mix), Fred P
I Hadn't Known (I only heard) (Bonus Track), Herbert
I Love (Extended Mix), Harry Romero
I'll Wait For u Tonight, nørus
INka (Original Mix), Steve Hammer
Illusions, DJ Dove
Impresiones Ácidas, Felipe Gordon
Inspired, Junior Sanchez
It's What We Live, It's What We Are (Dub Mix), Masters at Work
Jessica (DJ BORING Remix), Surya Sen
Joy, Icarus
Jus Dance (Christian Nielsen Remix), Mr. V
Just Let Me Know, Hush Hush
Kyo (Original Mix), B FROM E
Lately, Metronomy
Let Me Tell You Somethinn (Tee's Illhouse Mix), Todd Terry
Lie Machine (Original Mix), THEOS
Love Changed Me (Dave Clarke Remix), Joseph Capriati
Lovelee Dae, Blaze
MY HOUSE (Beraber Remix), LYMA
Meantime Town (Original Mix), Lis Sarroca
Move Me (Original Mix), Mood II Swing
Moves, Cody Currie
Mushrooms (Salt City Orchestra Out There Mix), Marshall Jefferson vs. Noosa Heads
Music Blast'n (Tilman's Breezin' Mix), Caleb Jackson  
Muzik X-Press (Skylark Remix 2008), X-Press 2
My Love, ABSOLUTE.
New Day (Club Vocal Mix), Round Two
New Ferrari (Harvey Sutherland's Weird Flex (12" Mix)), Surprise Chef
Norse Prince, Grant Turismo
Nothing 2 Lose (Original Mix), Dj Cinema Quartier Latin
Ocean (feat. Jamie Foxx) (Moodymann & Amp Fiddler Extended Remix), Solomun
Optiumum Thinking (Original Mix), DJ Q
Orange Blank, Chaos In the CBD
Otro Mundo, Tomàn
Paris 2006, Axel Boman
Phantasy (Original Mix), Deejay Astral
Pianos of Gold (Ian Pooley Mix), Jovonn
Piknik, Riva Starr
Pinger (Goodies Edit), Youandewan
Rain, Kerri Chandler
Rearrange My Mind, Monolink
Red Room, Dantiez
Rose rouge (Nightmares on Wax ReRub), St Germain
Sandman (Original 12" Mix), Blue Boy
Seven Mile (feat. Moodymann), Louie Vega
Shadows (Mella Dee Remix), parjo01
Shake (Original Mix), East Coast Love Affair
Shake A Lil Faster (Original Mix), Detroit In Effect
Shimmer, Anzu
Signs, James Shinra
Sisters (Original Mix), Lis Sarroca
Smooth Arrangements, Klaus Veen
Sol (Extended Version), Kasper Marott
State Of Art (Ryan Elliot Dub), Marcel Dettmann
Stolen Land (Original Mix), Colossi Rah
Style Is the Answer, Mash
Sun Phase (Human Movement Remix), Pretty Girl
Sunday In Paris (Original Mix), Jamie Jones
Superfine (Kronol Remix), Kronol
Sweat It Out, Mija
Synesthesia (Pariah Remix), Nathan Melja
TAPE 1, Black Loops, Nikoss
That Cute Thing She Does, Hush Hush
The Brooklyn Gypsy (Original Mix), Danny Tenaglia
The Greatest Dancer, Robert Hood
The Semimodular Bird of Jazz (Original Mix), Felipe Gordon
The Theme (Love from San Francisco Remix (2021 Remaster)), Hot Lizard
There's No You, Matt Wilson
Throw, Carl Craig
Tilted, Hot Since 82
Time to Move Close (Original Mix), Eris Drew
Tissu - Ground Loop (Beat Gridded), nan
Tracey In My Room, Everything but the Girl
Track 1 (Original Mix), Kerri Chandler
Train Ride (Triorität Session), Triorität
Unity (Augusto Gagliardi Rmx), Marco Berto
What I Saw That Night (feat. Velectric), Akın Paksoy
What U Want (Chris Stussy & Djoko Remix), Enrico Mantini
When We Used To Play (Original Extended Mix), Blake Baxter
You Want The Best (Original Mix), Omar S
Your Love (Black Loops 1AM Mix), Idan Hana
Your Love Gets me High, nørus
happens all the time, geneva
