Move Me, Mood II Swing
Shake a Lil Faster, Detroit In Effect
Feel Good (Paul Johnson Dance Floor Remix), Giuseppe Scarano
I'll wait for u tonight, nørus
What I Saw That Night, Akın Paksoy
Colouration, Glenn Underground
INka, Steve Hammer
What Have We Done? (Nico Lahs Southside Mix), Vincent Floyd
Jus Dance Christian Nielsen Remix, Mr. V
Meantime Town, Lis Sarroca
Sisters, Lis Sarroca
Tape 1, Black Loops
Don't Say a Word (Club Mix), &on&on
Karl-Löwe-St. Groove, Interstate
Cape Fear, KMA Productions
Determination ((Dub)), Justin Jay
State Of Art (Ryan Elliott Dub), Marcel Dettmann
Hypnotize, DJ ÆDIDIAS
New Ferrari (Harvey Sutherland's Weird Flex (12" Mix), Surprise Chef
Spotter (Edit), Nolon
Midnight Dub (Extended Mix), Max Kernmayer
L.M.P., Target Demographic
Happens All The Time, geneva
Sua Boca, PPJ
Coming Up Roses feat. Bodega, Big Miz
Don't Break It, Elias Mazian
Feelin, Janeret
Bitter Sweet, Project89
Hot Point, Ed Hodge
Remember (Rocco Rodamaal Remix), Franck Roger
One Love, DJ Island
Go, Nick Curly
All Day Long (I Hear My Telephone Ring), Pablo Pepstasy
Keep On Coming feat. CD, Moodymann
Operator (DJ Koze's 12 inch Extended Disco Version), Låpsley
Five Vibe, Rendher
So Hot, Daniel Orpi
Roxi, Jordan Brando
After the Dance, Greg Greene
19 (Payfone Extended Remix), Piem
Head Over Heels, Monolithic
nO Pa Re, Dateless
Nimbus 2000, LB aka LABAT
Until We Break, Alfredo Ávila
Do It Forever (Original Mix), Analogue Cops
Burnt Orange, Elkka
A Summer History (DeMarzo Remix), De La Swing
Don‘t Call Me, DJ Swagger
One More Record, LewRaz
A LITTLE BIT FUNKIER (Extended Mix), PAWSA
GM Baby, M4A4
Strong Enough (T.Markakis Extended Remix), Maxdal
Which Gate, Adam BFD
A Space That Sees, tape_hiss
Talamanca, Cosmonection
Please, Please Her (Micro House Mix), Sixth Finger
Breaker, Mat.Joe
Maw Basics (94 Mix), Mateo!
54321, Desire
The Voice (Spirit Catcher&apos;s Re-Interpretation), Alex Flatner feat. Deafny Moon
In the Hills, Mr. Mitch
Lasso, Mosley Jr
Lost In Time, DJOKO
Somebody, Tiptoes
Tonight, Kerri Chandler
Tek 12, Kush Jones
Black Majik, The AM
Did You Love Me, V.I.C.A.R.I.
Not Around, Uffe
Sage comme une image (Good as Gold), ABSOLUTE.
Lisbon Love, Andres
Let Your Body Go (Franky Rizardo Remix), Look Out
Right On, Right On (Fango Remix), Silicone Soul
Floating, Pitto
Trim On (Dirty V), Ruff Stuff
Squirrel City, Willow
Your Good Times Are Here, Laurence Guy
Riviera, Stump Valley
Back in Tha Game, Zopelar
Thai Take Away, Törsh
Frogman, Dj Steaw
Get Down (Dub Mix), Dj Steaw
Minobu In The Rain, Tom Vernon
Subconscious (James Dexter Remix), MANT
Subconscious, MANT
Flying, Easy Peelers
Night Sky, Cody Currie
Relax Yourself, Ky William
La Di F... Da, Nikitch
It's A Feeling, Azaar
Mr. Mailman, Plush Managements Inc.
Operation (Unreleased Mix), Priku
Clueless, Dale Howard
Surgical (Shorter Edit), DJOKO
Could This Be, Tom Vernon
Black Space Jazz, Kareem Ali
Money Ain't Nothing but a Number, Cywil
Together Onetime (Butch Remix), Dole & Kom
Make It Stay (Gerd Janson Remix (Edit), Lauer
Something Different, Workerz
Jammin and Slammin, Sandilé
All That's On My Mind, Harrison BDP
Infinite Diversity (Subb-an Remix), Yamen & EDA
What You Need, Jeff The Fool
Couldn't Find the Words, Tom VR
Me & U, Subjoi
008A1, Apparel Wax
Detroit Stab, Josh Wink
You, Kerri Chandler
Pink Dawn, Bacavi
The Way, Mac-Kee
Beautiful Jazz, Robb Swinga
Want You to Love (Markus Homm Late Morning Dub), Freaky Chakra
Play on Playa, Detroit's Filthiest
Tell Me, Ken Kelly
Jus' Listen, Luuk Van Dijk
Coffee in the Morning (Dub Mix), Dam Swindle
I've Always Liked Mall Grab (Not So Original Mix), AK47
Love Shy (Subjoi's Tuff Jam Rework), Subjoi
Do You Want My Love, Demuja
Be Real, DJOKO
Simetric, Mihai Popoviciu
I Don't (Original Mix), Angelo Ferreri
You Get Lost In It [The Warehouse Project] (Full Vocal Main Mix), Kerri Chandler
Check One, Azaad
Climax, DreamKiller
Desde, Carlo
Lost In Paradise (Extended), Francesco Parente
Bring It Back, Technasia
Down (feat. Dames Brown) (Riva Starr VIP Remix), The Vision
shutyomouth, DJibouti
At Night (Kid Crème Club Mix), Shakedown
Tabloids, Royal-T
Feel You, FJAAK
Politics Of Dancing X Sebo K, Politics Of Dancing
Everybody Wanna Dance, Hard Drive Library
Testify (Kerri Chandler's Feel Dub), Byron Stingily
Cash, Cody Currie
Discotheque (Original Mix), Piem
A Conversation, Dernis
Calling Out Your Name (I Can't Sleep) (Extended Version), Ben Rau
First Day Of Summer, Luke Scoffield
Milky Way, Minimal Vision
Stones Throw, TENSHU
Entertainer, Ruze
Pressure Baby, Lazare Hoche
These Changes, Black Loops
2Nite I Need Luv, Hush Hush
Banh Mi, Jesse Bru
Sick In Da Head, Burlie Mac
High Externals (AP Remix), Benjamin Groove
Jungle Trip, Menesix
Padada, Menesix
Vida Delicia, Menesix
Mastodon, Malin Genie
The Future feat. Robert Owens, Damian Lazarus
Do It All Night, DJ Minx
Grab Dat Ass All Night, Kiddy.Wav
New York Style, Mateo & Matos
La Nota, Dauwd
U Won't C Me, Mystic Bill
Watchin Out (Dirty Channels vs. Danny Russell), Dirty Channels
Déjà Vu Bass, Textasy
True Love, Mirco Berti
Real Hawt, Meg Ward
Last All Night (1-800 Girls Remix), Meg Ward
Locked On, Chris Lattner
Out Of Bed, Chris Lattner
Copyrighted, DJOKO
The Returner, Cody Currie
For You, Denney
FINÉ (Ben Hixon Extended Edit), RAMI
Loos, Ari Bald
Midnight Special, Detroit's Filthiest
Ghetto West Coast, Hermeth
Let's Get High, Freqish
In Love, Bella Boo
Spacefunk, Stussko
Staring at the Sun, Stussko
Melondrop (Chicago Mix), Cratebug
Deep Energy, Armless Kid
What U Doing, Dennis Cruz
No Shade, myst milano.
Del Mar, BS Radio
Forever Sade, Paradiso Rhythm
Acid in My Blood, Channel Tres
3am [Ian Carey & Eddie Amador Mix], Bobby Blanco
Nu Sound of Disko, Andre Salmon
Searching, Ramin Rezaie
