url,name,artist
https://open.spotify.com/track/7x1k2rChZ0pXSyJVoOpgLd,Get Your Sweat On,Breaka
https://open.spotify.com/track/5rcgjNSpMerCpOHhlSEfe5,The Semimodular Bird of Jazz,Felipe Gordon
https://open.spotify.com/track/6u9JYXS4Kk0MbI05MYMAq2,Decompression,Harrison BDP
https://open.spotify.com/track/3RFKqSwoBcvI8PO6YwhHN4,Pianos of Gold - Ian Pooley Mix,Jovonn
https://open.spotify.com/track/58OfWRKJLK1PGe81t4Hxl8,Leave Me In My Broken Dreams,Raär
https://open.spotify.com/track/5dg97Wk0dj5LsywKrVEdRH,This Moment,tade kop
https://open.spotify.com/track/0JAcwiT6YMsQ4BU4HP4bCf,39 Times (Confrontation) - Extended Mix,CHANEY
https://open.spotify.com/track/0W7TBLS9L2PIIMdrC6j78H,Funkert,Virginia
https://open.spotify.com/track/0LaJkmbVmWVihw9Zbr0dFC,Mogeri,Dan Kye
https://open.spotify.com/track/2FnV9JGm0M6ZSDuJ0CYLUw,Infinity,Priori
https://open.spotify.com/track/1Pusg3VSg72pqjnuu81jER,Broken Heart,David Jackson
https://open.spotify.com/track/0PAoKy10Fl19QmDlZj48ET,Phantasy - Original Mix,Deejay Astral
https://open.spotify.com/track/2JgEf5KfmF1BsErbv2HEO6,Sol - Extended Version,Kasper Marott
https://open.spotify.com/track/5Wtu50yBIPxrXYXFARLgCq,Chicago Love,Felix Da Housecat
https://open.spotify.com/track/2Yc1SkH8ye0fQ0cG2f6jhO,Something (On My Mind),Jack J
https://open.spotify.com/track/4USxDK8DgwYH2JxnOSBYyG,Move Me,Mood II Swing
https://open.spotify.com/track/17N6OOiHl7WMkUQZ2x9P1F,WhereYouGonnaGo?,Jitwam
https://open.spotify.com/track/77wzmormxFWDSANCwKdJK4,Do You Get,Middle
https://open.spotify.com/track/5WKs5nHNseedSb4tJMPU8J,Reach Out,Marc Rebillet
https://open.spotify.com/track/6RoCSGypz6Ekn7SsAIgm5b,I Can Never Be Yours,Coeo
https://open.spotify.com/track/343ySUa7BIhKTLOFgVzzYc,Shake a Lil Faster,Detroit In Effect
https://open.spotify.com/track/6tBvI4xkg807GtncnwzTN3,F.E.M.,Leo Pol
https://open.spotify.com/track/1BQXo70tMkB3Fk0bSnFe5a,Chantal,Leo Pol
https://open.spotify.com/track/53VT3g4fsGYCh4vjcU6Xx3,This must be illegal,Leo Pol
https://open.spotify.com/track/6ma2FjSy6QL30nzrSY7dx4,Needledrop (Laurence Guy Remix),Session Victim
https://open.spotify.com/track/4pf4aRWUDzJTHacddS3e25,NYC Dirty Talks,Black Loops
https://open.spotify.com/track/0LhXkyXcPf2bdRKJFkd2FK,Ischia,Isola
https://open.spotify.com/track/5pTmUlKYseFm26UcZG6zsL,Twisted Disco 77,Terrence Parker
https://open.spotify.com/track/1TghmiDxpCttmxI121iDjB,Illusions,DJ Dove
https://open.spotify.com/track/5JQhZecNpJ4OAjCsRFw4ai,Nature Yourself,Tilman
https://open.spotify.com/track/7yNtqrPkNUP8TeY5jXyM3Z,Feel Good (Paul Johnson Dance Floor Remix),Giuseppe Scarano
https://open.spotify.com/track/2xMCCfVANkqisJTgyqFTpD,Blorp93,Gnork
https://open.spotify.com/track/62i0meK1L0UqQf3uNQY2BY,Feel The Piano,Raymond Castoldi
https://open.spotify.com/track/36hhCaRdvzzohheuuR8xPI,The Solo,Raymond Castoldi
https://open.spotify.com/track/1OmTtY2dcLO5mAINSG7mXJ,Timeless,Superlover
https://open.spotify.com/track/5rq5ueKADNuoA4KtBl1Xe9,Swingin',Freiboitar
https://open.spotify.com/track/3CVlSdq9er5uKPJ3PH81Jw,Got it to Work,Earth Boys
https://open.spotify.com/track/0CmZp7AVyaVxiPP9FpfIFh,I'll wait for u tonight,nørus
https://open.spotify.com/track/1ntt1IG6hWCd44vpWna8jf,Duophonie - Club Mix,Tour-Maubourg
https://open.spotify.com/track/7b3MjFv3l2hJHPKE3xQxSL,Big Love,Pete Heller's Big Love
https://open.spotify.com/track/3b0WXNky1tMQqlucvldBQ8,All I Wanna Do Is Love You,Chevals
https://open.spotify.com/track/2mwRe3ftexMxOnj5hI2NMc,Holding You,Daniel Bortz
https://open.spotify.com/track/3cKS5lTbRVVPkd5QYBjpam,What U Want - Chris Stussy & Djoko Remix,Enrico Mantini
https://open.spotify.com/track/5RARH5zRjfHWxnKKg3ZUy1,Got 2 Be Loved - Extended Mix,Soul Reductions
https://open.spotify.com/track/6vQuDB2GWSJfqMoCbaywQG,I Still Love You,Long Island Sound
https://open.spotify.com/track/1Q32EovUnouu3ZfPCWvOvU,All That Blue,Blue Hawaii
https://open.spotify.com/track/11lORBFW11itKjLw0no7Bs,Chantal feat. Quelle Rox,KOKO.IT
https://open.spotify.com/track/78dl5Vy3mpTzFrUPtbXO32,I Needed,Hanna
https://open.spotify.com/track/0RRpLZfFyxJAka1mynK6jx,When Will the Day Come,Bobby Analog
https://open.spotify.com/track/4ApOByOlG6mFtAtn7TjEs1,What I Saw That Night,Akın Paksoy
https://open.spotify.com/track/2eGbxOIxbPziM3cpqo1A8B,Conscious of My Conscience - Borrowed Identity Remix,Freaks
https://open.spotify.com/track/20bTVYNJ8KNoWmtD6CyIXs,Just Off Wave,CZ Wang
https://open.spotify.com/track/4xpb4uciTIVelhTvPdfZVD,Stella,Jam & Spoon
https://open.spotify.com/track/3FEiY1J9nmvEZuBQTI6Al6,From The Vaults,CINTHIE
https://open.spotify.com/track/34y5Y8P2RLdWOeu976BvTP,Disko Axiom,Terr
https://open.spotify.com/track/5R0O1izXn9jy0PQn1Ki2Lt,Colouration,Glenn Underground
https://open.spotify.com/track/64FyP2IcDx6cgyZUUSIPYa,Daily Prayer,Mr. G
https://open.spotify.com/track/0Ga1CODJzpwFYtRt5PyC73,Groove La Chord,Aril Brikha
https://open.spotify.com/track/1AhptlXZOw5cGnzeicZw3o,SMBC,Harry Wolfman
https://open.spotify.com/track/1xnE19A8muQQE7AZEF9oIs,Palermo,Sidney Charles
https://open.spotify.com/track/22Eace1JWK9JRkD3NLt69K,Organica,Sidney Charles
https://open.spotify.com/track/5EVI4DlwJkfS8VZN0NERl0,INka,Steve Hammer
https://open.spotify.com/track/1UI85WeWVdGkmGXrR8vlq3,Partenope,Manuel Di Martino
https://open.spotify.com/track/5SznMnXp6RVAjELON26CaM,How True Is Your Love,Hush Hush
https://open.spotify.com/track/4haOBcpmKHAq5uu0e67ios,What Have We Done? (Nico Lahs Southside Mix),Vincent Floyd
https://open.spotify.com/track/1xV07RDwmg4DUBqCYkv1pK,Chikyu-u 002,R.M
https://open.spotify.com/track/5ullZC3gveeLKZKAwaaQuv,Signal,p-rallel
https://open.spotify.com/track/2vRbn7ZmxrkEO2SBfxJe3V,Mushrooms - Salt City Orchestra Out There Mix,Marshall Jefferson
https://open.spotify.com/track/1qyXeXjdcH6Xw4eGNvSSQq,Jus Dance Christian Nielsen Remix,Mr. V
https://open.spotify.com/track/43AFjjpou0fSv1IVayDrIe,Am I Just Living,SHEE
https://open.spotify.com/track/3lYZ2HP6ayq8Vhx8AKckWX,Call the Pompelars,Naux
https://open.spotify.com/track/0TsXdSKxK3Snezeuw88RnO,Roach Fingers,Jesse Bru
https://open.spotify.com/track/1uSTABaXW3sKg6q2qt0KZS,Closer - Extended Mix,Flashmob
https://open.spotify.com/track/5x2Jol7gHp39SqigMSve4R,Meantime Town,Lis Sarroca
https://open.spotify.com/track/7jGFMqkczgNEWHKZACa8jo,Sisters,Lis Sarroca
https://open.spotify.com/track/6XBap7RZKz8fnJ8H7ChGLz,You've Got That Sound,Dan Shake
https://open.spotify.com/track/4jfMV8yZn6l3mfvELfkLRV,Tape 1,Black Loops
https://open.spotify.com/track/63DQm30ycUr6xP2M1RUA57,Suki,Black Loops
https://open.spotify.com/track/3DIOIajoDgXBMamIqlpozk,Dubby Tales,Ruff Stuff
https://open.spotify.com/track/6RFDCBNOJOrAA5Yc5zjGfn,All A Bit Mad,Wayward
https://open.spotify.com/track/77hkfUH6vsuoLLN3Ewl7qK,Crave You - Hush Hush Bootleg,Flight Facilities
https://open.spotify.com/track/4E9SFcJr4oLWAwU3DPn0c1,Be Who You Want To Be,Ben Rau
https://open.spotify.com/track/27conlAgRobiIqsr5fjK6T,IXP-42,Cromby
https://open.spotify.com/track/2XWMTMDNwFXhyixyVRGo47,LS Anthem,Cody Currie
https://open.spotify.com/track/54W1iUxXl7R5qdyZp8vfFV,Moi Aussi Marianne,Yatoba Lia
https://open.spotify.com/track/6ZkIHbKuGCe5pltlbzppql,before you go,dj poolboi
https://open.spotify.com/track/7ljFaEJHXXm2SNf7e2k14X,DTW 2 LAX V1,Truncate
https://open.spotify.com/track/42oj2jyTuCvD6OIgLbrPAO,Haven't You Heard - Butch Remix,Alan Fitzpatrick
https://open.spotify.com/track/0YvqZxNJYloBhCZy51lLrd,In My Heart,Jesse Bru
https://open.spotify.com/track/7978uI976SnK4TelmVotSC,Certified,Demi Riquísimo
https://open.spotify.com/track/0J7fhLrRbr2twsAlOaMfHZ,Unconscious Therapy,Andy Ash
https://open.spotify.com/track/0XDhwMoGJ0DI9yfs0Ip6vh,Don't Say a Word - Club Mix,&on&on
https://open.spotify.com/track/3eSTh8ubtHopcuBjTlwtMr,I Hadn't Known (I only heard) - Bonus Track,Herbert
https://open.spotify.com/track/0DYFv2ZwaTJUt81hTQnLyp,You Want the Best,Omar S
https://open.spotify.com/track/0GEI6TmhA34l8fjypL0De4,end of the nite,ELLES
https://open.spotify.com/track/0Sy3wF3yd7avmLskk8dwB6,Dighaus,Kevin Over
https://open.spotify.com/track/5DwpWbnLeijoe8zt23kv7t,Bound Together,Route 8
https://open.spotify.com/track/05XPo8GdSuL75UpNepqTEX,Track 1 - Original Mix,Kerri Chandler
https://open.spotify.com/track/4sTilZKdZ50w5aSNpQoh54,New Day - Club Vocal Mix,Round Two
https://open.spotify.com/track/5BAJDNTutBFJL27pKunac1,Shadow (Maceo Plex Remix),Maceo Plex
https://open.spotify.com/track/3MbMCoPu0hE0nZZMspr26k,Lightyears,Juan Atkins
https://open.spotify.com/track/6W4pDFlKBNxZpIc5d3lp60,For All My Wrongs,James Pepper
https://open.spotify.com/track/7hdJrOg3tPwrX2DPbUuvxn,By Your Side,Viers
https://open.spotify.com/track/45ZDBLp8Y4XhQg3hczvpv6,Hiding In The Deep,Orlando Voorn
https://open.spotify.com/track/67afUY0XrnTCIbTdoYxSdF,Untitled 38490,Binary Digit
https://open.spotify.com/track/4Sv8UfMtBHBzR6n0yOlApc,Freak Like U - Club Mix,Masarima
https://open.spotify.com/track/3356iRE8itUUQBTVLGTOt0,Holding onto you,DJOKO
https://open.spotify.com/track/51oib6a2dRu2f6x8OMMphQ,Réveiller (feat. manon),Shaolin Cowboy
https://open.spotify.com/track/30ohzonID2I8nhMEIqrVRb,you are,Isolée
https://open.spotify.com/track/075xDSAxuhblaxhRUZQts4,Dormancy - Jon Hester Remix,Eddie Hale
https://open.spotify.com/track/5DL059fT2EWGJsurcEGlQE,Aquarius Swing,Javonntte
https://open.spotify.com/track/5ri8DIoqM2kgELFtjosxoA,Breath,FJAAK
https://open.spotify.com/track/3wkthAA6o0fyFtEEn4JnLG,7 Days,DJ Döner
https://open.spotify.com/track/5OQnJDmKuDC8FFlWxz0NBW,Mahia Madness,Chaos In The CBD
https://open.spotify.com/track/50ti9tKpZpgmT3BCe4Ezi0,Optiumum Thinking,DJ Q
https://open.spotify.com/track/58ekQ8vb7Y77iUGl3R3j7s,Make Believe,Paluma Sound
https://open.spotify.com/track/0zhNcwsvvRrywOQvDMupNj,Karl-Löwe-St. Groove,Interstate
https://open.spotify.com/track/1hENA2vJhhTlyHsAkLoO6r,My Love,ABSOLUTE.
https://open.spotify.com/track/14Iird4vN0qULIBNUPebNf,Eshays In Laneways,Grant Turismo
https://open.spotify.com/track/4NxDwFtNeyVsHSV9kxMJrr,November,Skudge
https://open.spotify.com/track/58lrRLt4Unnb2PYtu6n1Xl,Hello Echo,Kiwi
https://open.spotify.com/track/1oJLBqHNojM98AVxoNq6C3,Stranger,Krotone
https://open.spotify.com/track/1fWJK9r5yWnlGWNt9cCYru,They,Ruff Stuff
https://open.spotify.com/track/0fgdLj6TQmB6OV2zwaAndB,Sesame,Shanti Celeste
https://open.spotify.com/track/1ND7yU6uybSbpXDNkYbs0k,Smooth Arrangements,Klaus Veen
https://open.spotify.com/track/7GhnJwfACNTFXOlyByTWtK,Bayside,Obskür
https://open.spotify.com/track/4suMA6HLaH4gbXBPtoAbBy,Notice,Tammy Lakkis
https://open.spotify.com/track/1UP4rDAPPP9MwyUCFGAbWA,Life Is Like A Circle,Derrick Carter
https://open.spotify.com/track/1q5XUAzuOJ6GXCFhePKu70,All I Do,Felix Da Housecat
https://open.spotify.com/track/1caNzSrWtZhB2UNvSt5EK0,"Sandman - Original 12"" Mix",Blue Boy
https://open.spotify.com/track/5NlNBIlPWJtPPhgzwLEBlP,Born a Loser - Mad Rey Remix,Myd
https://open.spotify.com/track/4oZHfCjbeimQ4K2vDBQ3pc,Fuck This Dub,Vil
https://open.spotify.com/track/5AORdeQG1uohuN3H3992rc,Lie Machine,THEOS
https://open.spotify.com/track/5FA3tfPhY3BSKr4vr9OVON,Untitled Needs,Laurence Guy
https://open.spotify.com/track/00pCkp2AZmK8DSEYinmkjy,Cold Nights,Felipe Gordon
https://open.spotify.com/track/5FZVH06A0InDG27VYZ0R5L,Flame,Cody Currie
https://open.spotify.com/track/71gMh2YxeEnvlCoEXlIm40,Grumpy Monkey,Jimi Jules
https://open.spotify.com/track/0qPVZVU1AzxXMacJx1KZlF,Hold On - Classic Vocal,Romanthony
https://open.spotify.com/track/5rBtDyHLKEpIf7e7qZIffC,Jiyuh,Lemtom
https://open.spotify.com/track/1kcxE4MtQMoQPh1igG2Dey,Let Me Tell You Somethinn - Tee's Illhouse Mix,Todd Terry
https://open.spotify.com/track/137WtTjxgBa63YWLPKNefP,Zero Feel,Kornél Kovács
https://open.spotify.com/track/0aicuxkK6JYB6f7lYHg8W4,Freaky Dreamz,Partiboi69
https://open.spotify.com/track/6XPJj4LurH5zCUMedi5t03,Shades,Laughing Man
https://open.spotify.com/track/6ktLSB400x4CYHuYZD5Slb,Back to My Place,Jitwam
https://open.spotify.com/track/3hsCeNM5xpc3qdbkafqRjb,Starlight,Alister Fawnwoda
https://open.spotify.com/track/5LMkeDc895m1UiTLCn8J6k,Break My Heart,letherette
https://open.spotify.com/track/4MkZ4o2MuQgXvIdpb6lBBg,Bloody Mess,Thabo (DE)
https://open.spotify.com/track/6O8zWACivE5KC6do6v5kMz,Cape Fear,KMA Productions
https://open.spotify.com/track/4hy8ZdAUp5CuGI4gMVCllx,The NY House Trak,NY STOMP
https://open.spotify.com/track/4MRDPYpn2TGQZt0NCQezvA,In Gratitude (New Moon Mix),Mr. G
https://open.spotify.com/track/3I6CFUDMLzSTZTm6GLU545,And Groove,I. JORDAN
https://open.spotify.com/track/3qWbao6YVObRFxeF6bybF4,I Feel It,Kerri Chandler
https://open.spotify.com/track/7amJZgRjm6gR4odpHu9MMt,Billy Green Is Ded,Wbeeza
https://open.spotify.com/track/3GN2qoMXIUkd6wmDXWpzvZ,Determination - (Dub),Justin Jay
https://open.spotify.com/track/2hwBrj2PqhxgJoi0ccdHld,Dubiety,Rifts
https://open.spotify.com/track/1QrvSouehZOTJ27p4hqUA6,Dilemma,Danny Wabbit
https://open.spotify.com/track/1j9OURHD1fSL6NFraZMZH6,Pinger - Goodies Edit,Youandewan
https://open.spotify.com/track/4SNEN6Zx26j8GwnFNUQx2t,Fall Night,Roberto Rodriguez
https://open.spotify.com/track/3ZGYrXWgpwRal6GlbTY1iF,In My Dreams,Holo
https://open.spotify.com/track/0F5SoPe1Mh4XkIRMt8bbw4,Sunday In Paris,Jamie Jones
https://open.spotify.com/track/0hiFDb8xu38uctSd9qrNHs,Lawdaa Mercy,Ase Manual
https://open.spotify.com/track/0oaEDMElWHZcym6PsGuwfo,Kyo - Original Mix,B From E
https://open.spotify.com/track/59cpDkoDlUYJcyBuWJsypY,State Of Art - Ryan Elliott Dub,Marcel Dettmann
https://open.spotify.com/track/2roWR0P3eY6GDXGZDkTVjO,Ease Ya Mind - Mango Boys Dub,Mr. G
https://open.spotify.com/track/46qGmV89HI54OHptzIEJvG,Hypnotize,DJ ÆDIDIAS
https://open.spotify.com/track/6HNOQLkGnsvuIjWtk1bCFU,R U Still Well,Finn
https://open.spotify.com/track/5zYNok9R2spTiNSKEekv5j,Harajuku Hammer,Cody Currie
https://open.spotify.com/track/194m6MQ9VIZhelcVVWu3LB,Lucid Dream,Lauren Lo Sung
https://open.spotify.com/track/7F7bVQway8OxyX6dPLS3U2,Random,Jovonn
https://open.spotify.com/track/1NeG33plymBYofVlEftPu7,Sun Phase - Human Movement Remix,Pretty Girl
https://open.spotify.com/track/0h2ieMqzCi6Py55FGkqJzk,In My Mind,Rove Ranger
https://open.spotify.com/track/5f5JEJY2dfI99GKpZo4l4P,MY HOUSE - Beraber Remix,LYMA
https://open.spotify.com/track/0ZMKcX8KRdliorrG9LL7UB,Danse sur l'Hardcore,Black Loops
https://open.spotify.com/track/4DxI01RKuKGPas1SuSmDi7,Can't Believe,Galcher Lustwerk
https://open.spotify.com/track/70FIxeNd7JUK4RuOVg9FKc,Super Solid,The Paradox
https://open.spotify.com/track/6JXWpTN24GY2drDBjGoo8x,Synesthesia - Pariah Remix,Nathan Melja
https://open.spotify.com/track/2wMm4f9RnrxTX5h58Aa5b2,Back To The Old Days,Wayward
https://open.spotify.com/track/3sfScyyjdydeM71w0kEnfw,Love Changed Me - Dave Clarke Remix,Joseph Capriati
https://open.spotify.com/track/6dfQj305IkidvbNDMz63xr,Cola Beach,Youandewan
https://open.spotify.com/track/3dr8H5045j4GJXZOBy2ulI,JL,Al Wootton
https://open.spotify.com/track/2klrXBUqfXiLY1NljqqEPf,Ocean (feat. Jamie Foxx) - Moodymann & Amp Fiddler Extended Remix,Solomun
https://open.spotify.com/track/44HBdeU1q3rcUA6iUZ3bB7,Toi et moi,Marcu Rares
https://open.spotify.com/track/38DC6h7IkEJBsx3uiINhuo,Detroit Hustle,Rick Wade
https://open.spotify.com/track/4Y2v5FZUIOXTFWACv7Xipb,Visual Basic,25 Places
https://open.spotify.com/track/3xrbgLPwAOx0YgnGlbcLB2,Come the Morning,Malin Genie
https://open.spotify.com/track/6NJzaVlPPGs7OxynDI1YKL,Stolen Land,Colossi Rah
https://open.spotify.com/track/5jCT5GIPHnsxieJwmR6nQL,Anti-Lag,Harrison BDP
https://open.spotify.com/track/4yFiV8qwdQ2n1cF1l4BYWJ,The Snoofer,Moomin
https://open.spotify.com/track/5oktDvfrL1jCo4Ie6ihdT8,3AM Gang Shit,upper class
https://open.spotify.com/track/1guCg3jJIYTDhfa35oWYV7,Red Room,Dantiez
https://open.spotify.com/track/5gbdmN4VMSyZSh33lILpGw,The Theme - Love from San Francisco Remix (2021 Remaster),Hot Lizard
https://open.spotify.com/track/4MrODrjDwpcXpjMafK9GIB,Shadows - Mella Dee Remix,Parjo01
https://open.spotify.com/track/5aEZnpiTgTji3UMxQNkxeF,Lost Angel,Theo Parrish
https://open.spotify.com/track/2phbl59KauN8qI9ACFgvB8,Holy - Totally Enormous Extinct Dinosaurs Remix,Damian Lazarus
https://open.spotify.com/track/6LbIziWljeCOBEFfs1dQN4,Can you - Galcher Lustwerk Remix,박혜진 Park Hye Jin
https://open.spotify.com/track/0mGBzPiKtjB83h5csdIRXT,Seele,COMPUTER DATA
https://open.spotify.com/track/0mARozfaE563s7Yj1rHspw,Give,Trudge
https://open.spotify.com/track/5JjZaoNKbfbymGVj0tehyn,IWD,Jesse Bru
https://open.spotify.com/track/0Gggw4sV0LEitcTyYGQ4w8,Ground Loop,Tissu
https://open.spotify.com/track/645AFxeRTnRL87UCXDC7ME,Ascension Island,Jon Sable
https://open.spotify.com/track/2ZswMaDvo4k9c0CzDj91Hu,Come Rain Or Come Shine,LUZ1E
https://open.spotify.com/track/6GdUpMpPhhMnBJofJjZ3h2,Jessica - DJ BORING Remix,Surya Sen
https://open.spotify.com/track/3TlQ1637PjzeReLIPBmQaA,Ambient Dance,Earth Trax
https://open.spotify.com/track/3FcvdS4Sn3pqvk39fGeu8f,Something Special,Zeitgeist Freedom Energy Exchange
https://open.spotify.com/track/75ZMW4hqyXQ2TgF6pL1Giz,Sun Salutations,Breach
https://open.spotify.com/track/0kFdA2tQCzdJBiafiBM0lA,Above,Girls of the Internet
https://open.spotify.com/track/22nQNokg52GoWNoDjcjEfz,Don't Stop,Ulf Bonde
https://open.spotify.com/track/62JVnYC93S90SrtY5Vfq4F,Maboroshi,Unknown Artist
https://open.spotify.com/track/2KQh9zAwU8iKuOwQSlO3Hd,Glide Till Dawn,Sansibar
https://open.spotify.com/track/2jSaZR8BmwUsTJeD3fX0i3,Music Blast'n - Tilman's Breezin' Mix,Caleb Jackson
https://open.spotify.com/track/17OXI0Al1gQ1mL2XztoeVz,Coral Castle,Chaos In The CBD
https://open.spotify.com/track/0ouFThIkQRyW52ELPVjtdQ,All Of The Time - DJ Streaks Remix,Jungle
https://open.spotify.com/track/04IEe7T9LrB5tnrydpSHFg,A Dream I Have,Totally Enormous Extinct Dinosaurs
https://open.spotify.com/track/310m9ecj0YXwc2Nzo5AaS5,Lipsing,DreamKiller
https://open.spotify.com/track/1WaDwq1lUB69du6tuUnLIY,Take Me Back,Marcel Vogel
https://open.spotify.com/track/4y6Xmu2yfPC5he71JTJjTH,elope,dj poolboi
https://open.spotify.com/track/6kvinwAz4dSKmLYMt5dP6O,Hide and Seek,Session Victim
https://open.spotify.com/track/5SUtGe1RRpMAI61qLSkmjX,Done Good,Drum Thing
https://open.spotify.com/track/7hfZPlr9i0f2jhrZmUyxq0,Excuse Me,Hemi
https://open.spotify.com/track/51K518cYjTYD1sw7HXiyoc,Boy Is Bangin,TAFKAMP
https://open.spotify.com/track/43cNetCz4Hs4Y8SQ7ZHYUs,14 Joints in a Spaceship,_tillus
https://open.spotify.com/track/3NN6YXqfnhqrzyTM2idZdo,Dawn,Fluxion
https://open.spotify.com/track/4O2K5Hxr8VgNG9QuqvYuby,Night Ride (with Lex Amor),Seb Wildblood
https://open.spotify.com/track/52et9gczo5O0zdCyUVhNXH,Ethereal Stepping,AceMoMa
https://open.spotify.com/track/0Ydwuuoi0EbDWPuiITxjoi,Missing You,Pandar
https://open.spotify.com/track/60d6UXz6vvi11nDSnjDP17,Today's Courage,Intr0beatz
https://open.spotify.com/track/73Ro16xjQhYI5qexoh0Erl,Things You Do For Me,Freestyle Man
https://open.spotify.com/track/5COxPQbNaVMsLEr3tuicvp,Proud,Qrion
https://open.spotify.com/track/4IWgCYfbE70O400NQBqQGS,Break Your Rules,Fenyan
https://open.spotify.com/track/3Gn4tklv1fPb6UpCPivw60,Desire,Froman
https://open.spotify.com/track/05EnylBQJJR3eJeYmxiL7L,Naima Blue,Soul Wun
https://open.spotify.com/track/4xmTSKbfMRBa4sqpvVFkNe,Sake Of Lust,Flaurese
https://open.spotify.com/track/1G79Ou5bwlCTDuj9hSWw7s,Every Plane,Stand High Patrol
https://open.spotify.com/track/1saRLoMKzzLBnCBfsZEjyu,Looking Forward To You,Jack J
https://open.spotify.com/track/0qr3FOzyP7pZVN9VxdW8vQ,Rose rouge - Nightmares on Wax ReRub,St Germain
https://open.spotify.com/track/6jct8LEi9DDXKDxarfHpGC,Loving Ain't the Same,DJ Houseplants
https://open.spotify.com/track/0sZYulrn8s05tDcyu3TF5A,ALL THESE INSTRUMENTS - AceMo Remix,Nick Hakim
https://open.spotify.com/track/4fAnq4KHeu0PueSrY4ultK,Broke My Heart,Legit Trip
https://open.spotify.com/track/4N7wDTcTaWbvB4KJ1xXBbv,Groove Therapy - Lexis Meets Universal 'Photek Remix',Lexis
https://open.spotify.com/track/1t1bmUbEpwzhvPje3LBHx5,Thinkin' Bout You,Hush Hush
https://open.spotify.com/track/3wZLmGJV2hpACYcOsdU5M4,$iTTIN,Tlim Shug
https://open.spotify.com/track/3WtXl3O0oT9eM4Izr3lcHx,Dreaming of a Disco,Baltra
https://open.spotify.com/track/4vXtiOc14OmfIrw64iHDUk,"Momma, It's a Long Journey",Felipe Gordon
https://open.spotify.com/track/3Ci7dkGBXotcCAoTzFQeI6,Traces,Saine
https://open.spotify.com/track/59EYuHBxiycgzzm7H3ItbY,La La Land,The Utopia Project
https://open.spotify.com/track/5R9wnXbtvttkrsxfTUGg1s,"New Ferrari - Harvey Sutherland's Weird Flex - 12"" Mix",Surprise Chef
https://open.spotify.com/track/6jT6jtD4wcOMiJBRWanKTc,Le Monstre du Lockdown,Deborah Aime La Bagarre
https://open.spotify.com/track/3N5usV7I51Fj9WMiWQbBYJ,When We Used To Play - Original Extended Mix,Blake Baxter
https://open.spotify.com/track/5dRpsg0PELeucS5Enghyq9,Throw,Carl Craig
https://open.spotify.com/track/0QJbWNtbx7IHfhuY4PNbK8,Resonance,Substance
https://open.spotify.com/track/0pbSfhFPS7J7aSneujM8nq,Blood Moon,Feater
https://open.spotify.com/track/0bCZjtl102EoNejdIWE36h,Broken Ring,THEOS
https://open.spotify.com/track/7KuVl4Cc7n1up1KsSoo6r8,Ain’t You Pretty - Extended Mix,Ango Tamarin
https://open.spotify.com/track/0lSg0PP7SWfx6rZdYZFv2X,Love Note,Nautica (UK)
https://open.spotify.com/track/7yrgenzButjTMFtZtVkycT,Spotter - Edit,Nolon
https://open.spotify.com/track/716yCuJkepgJQqeP1c5Ba0,Acid Trifle,Cromby
https://open.spotify.com/track/23gIyPfmbczIngg3vvvu3P,Dub 002,Tour-Maubourg
https://open.spotify.com/track/5OvTQVMtcEWwZoVNuZy24o,Control,Kuf
https://open.spotify.com/track/6ClkzOjrAQ80k5oGnP56tm,Midnight Dub - Extended Mix,Max Kernmayer
https://open.spotify.com/track/2XJjW2fRHrmemS0CpvDnIJ,Nothing 2 Lose,Dj Cinéma Quartier Latin
https://open.spotify.com/track/04t2qVhFxYPa4fmCCPQduX,As Long As There's Love Around,Farben
https://open.spotify.com/track/4Vjh71bIFUEG6geAViFdzn,Train Ride - Triorität Session,Triorität
https://open.spotify.com/track/0UB1YlV36OZ8SqKvlmBToU,THE CHEF & THE DJ,_BY.ALEXANDER
https://open.spotify.com/track/5kFrJ5VyCB0F66t3RrvIXN,Chinese Whispers,Ben Murphy
https://open.spotify.com/track/3Ud0LzqLIIx6LsO97khE83,Unity - Augusto Gagliardi Rmx,Marco Berto
https://open.spotify.com/track/4ko8CC7SxvltyZvAVHduMf,Obsessive,D.D. Project
https://open.spotify.com/track/4jxJWaMLSk42jyN6qg14X7,Bumpin' Headz,Locklead
https://open.spotify.com/track/5kfrjV4rWbUcI1T7bres4s,Chicago Sunrise,Sven Tasnadi
https://open.spotify.com/track/4HhLOwy5tONPocODr0eer9,Vogels van de Esquilijn,Malin Genie
https://open.spotify.com/track/427LS0vRiMnAFgNLEJ57bA,Time to Move Close,Eris Drew
https://open.spotify.com/track/1vfQTvWpBCwRPyYU5mZMfs,Strictly Business,Clive From Accounts
https://open.spotify.com/track/06rDYxIRfpvmuhcs47gIQw,I Love - Extended Mix,Harry Romero
https://open.spotify.com/track/3nU8wB2VmInZDg8BCffEdy,wit u uptae?,t e s t p r e s s
https://open.spotify.com/track/1znzR30wa1frwp7n5vnXNU,I Believe In You,Fred P
https://open.spotify.com/track/6k0g2PmtYRcgwfKIuegf9d,Sensitive Response,Carlo
https://open.spotify.com/track/5gDNXpsEXyq7P95jU3xUwM,Reach,Stefan Ringer
https://open.spotify.com/track/4q5UlYGp3arPnpSFdyWsga,Bail-E,Mr. Ho
https://open.spotify.com/track/0XQWAVmz1hD1FW13U2nm2r,Jigoo,Maurice Fulton
https://open.spotify.com/track/0U3GUs2KULUGxmFzURA6f1,"It's What We Live, It's What We Are - Dub Mix",Masters At Work
https://open.spotify.com/track/2wvQSPZqzAmhE62zT4JTFD,On My Mind,Maruwa
https://open.spotify.com/track/4b3ZkpWEKXN4IJvK4NCMeW,Shake,East Coast Love Affair
https://open.spotify.com/track/4g4SkP7sEvhLfvs7YP5AYy,Your Love - Black Loops 1AM Mix,Idan Hana
https://open.spotify.com/track/0e4EJ1MErupcmEnuMz94Tt,L.M.P.,Target Demographic
https://open.spotify.com/track/14zYY940HtQYEfUQPKf5i2,Better Do It Right,Odette
https://open.spotify.com/track/4D0Ubx0uM1qGvDk61EghKQ,Travel In,Arapu
https://open.spotify.com/track/2QbvASoL8YixYoLpm29CCO,Happens All The Time,geneva
https://open.spotify.com/track/6pHZ8lwQBlHNCmkBOg5dBI,Bacchus Won't Stop,Eden Burns
https://open.spotify.com/track/0FrP6ks4YZ3t6qFZKHo5hE,Feel the Beat,LB aka LABAT
https://open.spotify.com/track/1svpw48CWQpVrxfKr4cFP3,Take Me Away,Qubachki
https://open.spotify.com/track/7sf8su6Hcqe07WMtDYcYt8,I Feel,Justin Jay
https://open.spotify.com/track/6u3iHifdkferike9a3pnkm,Avant Garden,Lemin
https://open.spotify.com/track/4vEtMtjjojCxxvLSIsm359,What Will We Do,Kerri Chandler
https://open.spotify.com/track/5QMKAk8l9eJ1tneq5f5Kmf,Frontline High,Retromigration
https://open.spotify.com/track/1G4TotMwW6y03mtCXkppiQ,Sua Boca,PPJ
https://open.spotify.com/track/2AzU9Z4qw75hXtbZfW6hMf,Coming Up Roses feat. Bodega,Big Miz
https://open.spotify.com/track/1oq9EOx0aV2oAaHBSfDShq,Don't Break It,Elias Mazian
https://open.spotify.com/track/1iHYVleIX6Nonr18JFhcVx,Feelin,Janeret
https://open.spotify.com/track/1ozC2QLp970v2ZvmTaswdZ,Bitter Sweet,Project89
https://open.spotify.com/track/4pGaOdCzcsEdHP8rf2oBh3,Hot Point,Ed Hodge
https://open.spotify.com/track/1K1Dtk2T8VS9iGj6lV7Ydr,Remember - Rocco Rodamaal Remix,Franck Roger
https://open.spotify.com/track/2EDmt1P1fFFklqREjXqpZl,One Love,DJ Island
https://open.spotify.com/track/7a2yVItLl6QWgCh820bZ3L,Go,Nick Curly
https://open.spotify.com/track/4pprMF23qlcFMJGWNbxVHD,All Day Long (I Hear My Telephone Ring),Pablo Pepstasy
https://open.spotify.com/track/3Ikvh6asZpJbP03pyLuBP6,Keep On Coming feat. CD,Moodymann
https://open.spotify.com/track/1MBsIqcPrztteoEHCPFMlx,Operator - DJ Koze's 12 inch Extended Disco Version,Låpsley
https://open.spotify.com/track/30K305JbPTriNieXQJWAB1,Five Vibe,Rendher
https://open.spotify.com/track/2uLhfL4MvW6jTGEYt6NYPM,So Hot,Daniel Orpi
https://open.spotify.com/track/1mxyBTHxf8N2RxyxD7vym5,Roxi,Jordan Brando
https://open.spotify.com/track/1koq9pk4tIYW1sexQPuZDG,After the Dance,Greg Greene
https://open.spotify.com/track/2vcfgIIgnPSIn4fuekWkhT,19 - Payfone Extended Remix,Piem
https://open.spotify.com/track/0USUxekZa60phwBzpMIx0s,Head Over Heels,Monolithic
https://open.spotify.com/track/0hbXB8DFU9U91VESydGVTJ,nO Pa Re,Dateless
https://open.spotify.com/track/20ol62H8Nnr7EK48H8hmkF,Nimbus 2000,LB aka LABAT
https://open.spotify.com/track/368xEN8NvBMKHp0fo3lYm2,Until We Break,Alfredo Ávila
https://open.spotify.com/track/5Qx955brXRW3Y0zi3wioBh,The Hague Soul,Makam
https://open.spotify.com/track/1rIOSH8U6WcnRCwHO0deyQ,Do It Forever - Original Mix,Analogue Cops
https://open.spotify.com/track/2Ot2c0TFAg0ENgAiDfh3IO,Burnt Orange,Elkka
https://open.spotify.com/track/0IVCLYvLwRSSKoRJov87Ho,A Summer History - DeMarzo Remix,De La Swing
https://open.spotify.com/track/0fC5Qz7TjKrpU76eZJ6506,Don‘t Call Me,DJ Swagger
https://open.spotify.com/track/7sgUmmB573V0Gl2tXXLAfH,One More Record,LewRaz
https://open.spotify.com/track/5d85ier6TqQKB6GlX3dpca,A LITTLE BIT FUNKIER - Extended Mix,PAWSA
https://open.spotify.com/track/76CcAGrD1BIZOJsAM8NNkz,GM Baby,M4A4
https://open.spotify.com/track/0YOClkV1W3uijduPVjdVb4,Strong Enough - T.Markakis Extended Remix,Maxdal
https://open.spotify.com/track/32b5tFqwU2DUOpYz8KFLrs,Which Gate,Adam BFD
https://open.spotify.com/track/12QpsMVTUJsvpfkNa1PItV,A Space That Sees,tape_hiss
https://open.spotify.com/track/0UP3OpNXhZG5t54rXj7gt0,Talamanca,Cosmonection
https://open.spotify.com/track/6at6ghXsWfnAorAyimPjGd,"Please, Please Her - Micro House Mix",Sixth Finger
https://open.spotify.com/track/4Dd2s5KuSmq3OtpPwWp7za,Breaker,Mat.Joe
https://open.spotify.com/track/6LRvSLglS6x3XDX6rmiUBq,Maw Basics - 94 Mix,Mateo!
https://open.spotify.com/track/1HICQphXvKm6oGfQP1lKOR,54321,Desire
https://open.spotify.com/track/1T63iv1GOvngDdBOEm8UIk,The Voice - Spirit Catcher&apos;s Re-Interpretation,Alex Flatner feat. Deafny Moon
https://open.spotify.com/track/70AV7nK5LI90QO27CUEHEf,In the Hills,Mr. Mitch
https://open.spotify.com/track/2N0EUVqOWTMAA6LScaNS2c,Lasso,Mosley Jr
https://open.spotify.com/track/4At93Dg97BspyES8NPlzbF,Lost In Time,DJOKO
https://open.spotify.com/track/440kvwRNK3J0YJnSmnwt5M,Somebody,Tiptoes
https://open.spotify.com/track/4oc5WWzY3pKZ5R1H0nj8b9,Tonight,Kerri Chandler
https://open.spotify.com/track/0Eej3JGoctRA56Y2QuBtAN,Tek 12,Kush Jones
https://open.spotify.com/track/7GYbg0465rLfp5QlwzcN42,Black Majik,The AM
https://open.spotify.com/track/4Zc51AE9nAI0pNWIMZtUFH,Did You Love Me,V.I.C.A.R.I.
https://open.spotify.com/track/0mmCosXvlJJRiAdNN9rgQ2,Not Around,Uffe
https://open.spotify.com/track/2RdqkCm1yEj0V3J7BEYSzT,Sage comme une image - Good as Gold,ABSOLUTE.
https://open.spotify.com/track/2fHTjFTYAW6bRYDoERwm15,Lisbon Love,Andres
https://open.spotify.com/track/0fl3JZz1tYOTz7YuEgUwAz,Let Your Body Go - Franky Rizardo Remix,Look Out
https://open.spotify.com/track/0tdysNH0QlubcmqigXKGUA,"Right On, Right On - Fango Remix",Silicone Soul
https://open.spotify.com/track/7bMytRkSbif4ep0bbm2dgA,Floating,Pitto
https://open.spotify.com/track/3m6OUQEjcpWs9QhJpPf9sm,Trim On (Dirty V),Ruff Stuff
https://open.spotify.com/track/6PsULCWROIHezx0ncrJWE1,Squirrel City,Willow
https://open.spotify.com/track/7tAGnxLiQTU0EjezyOjUj2,Your Good Times Are Here,Laurence Guy
https://open.spotify.com/track/6xTcH212eGgLNSZVrevp0u,Riviera,Stump Valley
https://open.spotify.com/track/7fJpSXw0yBa47OPDw5rdSP,Back in Tha Game,Zopelar
https://open.spotify.com/track/47jPtQs9LRiVLZG4t9GqTn,Thai Take Away,Törsh
https://open.spotify.com/track/3gK3hAFydvwtWYBAZpkjRD,Frogman,Dj Steaw
https://open.spotify.com/track/5K5YNCCC0FgvR2cFoIWUqs,Get Down - Dub Mix,Dj Steaw
https://open.spotify.com/track/6yjjFAlZwzDd0kxA6IOceb,Minobu In The Rain,Tom Vernon
https://open.spotify.com/track/4R0QHK6ukzxfrXL2ZddUxB,Subconscious - James Dexter Remix,MANT
https://open.spotify.com/track/7vfW70tPFdBYWSIbWmbUPA,Subconscious,MANT
https://open.spotify.com/track/4xYZVCjNmdMUp68wTM0sB6,Flying,Easy Peelers
https://open.spotify.com/track/76m6Ud6LqMAK6OPeHcKDCS,Night Sky,Cody Currie
https://open.spotify.com/track/4ZZbPgotZ7FGKDpOBkd2ls,Relax Yourself,Ky William
https://open.spotify.com/track/4uX3DnsvZg08XeEoW4hZJY,La Di F... Da,Nikitch
https://open.spotify.com/track/6Kf7but8uFIbmxWVU3h1yK,It's A Feeling,Azaar
https://open.spotify.com/track/2JA8PUiR0OpFls6UOlsutp,Mr. Mailman,Plush Managements Inc.
https://open.spotify.com/track/7yt3E7G9oBTEwY92NcHbeK,Operation - Unreleased Mix,Priku
https://open.spotify.com/track/2iDWZAFjhzzL0XEliPkigS,Clueless,Dale Howard
https://open.spotify.com/track/1tb40lBHJFX5JjEM36aUZ8,Surgical - Shorter Edit,DJOKO
https://open.spotify.com/track/3uvVbA5KGFmnUrlV7q5OdQ,Could This Be,Tom Vernon
https://open.spotify.com/track/09jflWcNgyBd0PiigbWVMZ,Black Space Jazz,Kareem Ali
https://open.spotify.com/track/0QXTCT2iljRwwfnTEQOkEG,Money Ain't Nothing but a Number,Cywil
https://open.spotify.com/track/58wLMDD4RqAkzcPT3btlyF,Together Onetime - Butch Remix,Dole & Kom
https://open.spotify.com/track/57DiLR2O0JENZTSyDmvSQT,Make It Stay - Gerd Janson Remix - Edit,Lauer
https://open.spotify.com/track/5gX7AEGXahevO0PnmWBBzC,Something Different,Workerz
https://open.spotify.com/track/54LolBaWOarmU3TEnFDYy3,Jammin and Slammin,Sandilé
https://open.spotify.com/track/4Q1iUl46KFMBA2BSPZe8WC,All That's On My Mind,Harrison BDP
https://open.spotify.com/track/6qJD76M9LVAvOyKwnQ4Rac,Infinite Diversity - Subb-an Remix,Yamen & EDA
https://open.spotify.com/track/5XJ0qnz9DM41yp1hlrtvg6,What You Need,Jeff The Fool
https://open.spotify.com/track/1RbI1tmU42gaXoCuymMPQn,Couldn't Find the Words,Tom VR
https://open.spotify.com/track/4JhNHyJnmYauKaEmgOzkYE,Me & U,Subjoi
https://open.spotify.com/track/4MCM6iff0STPETNF1K8as0,008A1,Apparel Wax
https://open.spotify.com/track/2ZffyC8H7A7YfdjsRcRowV,Detroit Stab,Josh Wink
https://open.spotify.com/track/63mByg1VMIuQBzeeG5gmzE,You,Kerri Chandler
https://open.spotify.com/track/2Wo8qgRinljEpzxaacANh5,Pink Dawn,Bacavi
https://open.spotify.com/track/5AMKfKolgryWZZ3LAosjEz,The Way,Mac-Kee
https://open.spotify.com/track/6IuRBqO3QnCFQl5GsorGCD,Beautiful Jazz,Robb Swinga
https://open.spotify.com/track/4Gx9sNoEdudho9WYPAzDbq,Want You to Love - Markus Homm Late Morning Dub,Freaky Chakra
https://open.spotify.com/track/1gRPHrnyAHM7PKWxzi2KyG,Play on Playa,Detroit's Filthiest
https://open.spotify.com/track/21QGJ0C8LQwhYPCXGMls8z,Tell Me,Ken Kelly
https://open.spotify.com/track/7khVdbJRrnPtP3Lc5GkjBc,Jus' Listen,Luuk Van Dijk
https://open.spotify.com/track/7hxJz30UaBg8h7DOGmSUBc,Coffee in the Morning - Dub Mix,Dam Swindle
https://open.spotify.com/track/3QMAHnBKcP9DwBRfy0GBLp,I've Always Liked Mall Grab (Not So Original Mix),AK47
https://open.spotify.com/track/13T8SvWHczyBPzOemKtEe7,Love Shy - Subjoi's Tuff Jam Rework,Subjoi
https://open.spotify.com/track/3KPhaCvEPAKmwgYd8LARFe,Do You Want My Love,Demuja
https://open.spotify.com/track/0SDs5XBjTMNAbFz5VAUcaJ,Be Real,DJOKO
https://open.spotify.com/track/48ut6j0loWCy7vJEc32VNG,Simetric,Mihai Popoviciu
https://open.spotify.com/track/7AMDO53xmNIApwVUy7bad5,I Don't - Original Mix,Angelo Ferreri
https://open.spotify.com/track/1z7KuvlEX2yYGDNTMdaHF7,You Get Lost In It [The Warehouse Project] - Full Vocal Main Mix,Kerri Chandler
https://open.spotify.com/track/5wHDR6hkuKAi18JH2qYdTk,Check One,Azaad
https://open.spotify.com/track/3LAQqGNOjzoR9YV6aWLvpb,Climax,DreamKiller
https://open.spotify.com/track/3RVDNw4TvJSY7wPcqdCpEI,Desde,Carlo
https://open.spotify.com/track/6esTn7YR8XlnmKMJTCTi3y,Lost In Paradise - Extended,Francesco Parente
https://open.spotify.com/track/5RQoFKNe21udvsE0yl3a4V,Bring It Back,Technasia
https://open.spotify.com/track/1dE1UZLhNglkZ9JnBckA1H,Down (feat. Dames Brown) - Riva Starr VIP Remix,The Vision
https://open.spotify.com/track/5XhrEEggrJkL7tTbSQLgYN,shutyomouth,DJibouti
https://open.spotify.com/track/4TBOxwcoCfgs3j9COmEIl0,At Night - Kid Crème Club Mix,Shakedown
https://open.spotify.com/track/0Ms1mLLb7kSwcTlbr4pfUG,Tabloids,Royal-T
https://open.spotify.com/track/4gTLYIuF5VaVWQTZUnxg6D,Feel You,FJAAK
https://open.spotify.com/track/1EDEGVW1lonalfF0n4Rwen,Politics Of Dancing X Sebo K,Politics Of Dancing
https://open.spotify.com/track/4iByZux3gKWgRb1rethD7e,Everybody Wanna Dance,Hard Drive Library
https://open.spotify.com/track/6OoSUHpYGzf7fDEgzE0czB,Testify - Kerri Chandler's Feel Dub,Byron Stingily
https://open.spotify.com/track/1kC0u5JDicJh8UDfO2eTIe,Cash,Cody Currie
https://open.spotify.com/track/63Vz3RLEjua6mbftgizXzg,Discotheque - Original Mix,Piem
https://open.spotify.com/track/0D3P4t4d1WzriGy92romdW,A Conversation,Dernis
https://open.spotify.com/track/7MDaueH3aWZAPPNe0GH125,Calling Out Your Name (I Can't Sleep) - Extended Version,Ben Rau
https://open.spotify.com/track/2pw57WhbypeRn2LFWHPQXv,First Day Of Summer,Luke Scoffield
https://open.spotify.com/track/15WuTK8Lj6IRig6aV5RDJ3,Milky Way,Minimal Vision
https://open.spotify.com/track/422Drnl55pnrP3EmYNdXDo,Stones Throw,TENSHU
https://open.spotify.com/track/3ZcCbKIhK9UvKKsiGUay4q,Entertainer,Ruze
https://open.spotify.com/track/7oWys2D21QLQUHRioOtkd3,Pressure Baby,Lazare Hoche
https://open.spotify.com/track/3UCArpyMo2NeLSJxUskh54,These Changes,Black Loops
https://open.spotify.com/track/5sgAgOtkwwmULlyDqZZwT7,2Nite I Need Luv,Hush Hush
https://open.spotify.com/track/5L0RRpSI1mKExcxqMfgFlG,Banh Mi,Jesse Bru
https://open.spotify.com/track/2AsrCya1tc17pWf0NSXu0W,Sick In Da Head,Burlie Mac
https://open.spotify.com/track/4CTyXE3gzf3ODhPK3RdVnX,High Externals - AP Remix,Benjamin Groove
https://open.spotify.com/track/3Ty2H5gAs0XbvJOQ7j3ae7,Jungle Trip,Menesix
https://open.spotify.com/track/3fLOqQgNgtSvRuhfHihlRs,Padada,Menesix
https://open.spotify.com/track/6m1WA4XqjF0MuIiskaQJz7,Vida Delicia,Menesix
https://open.spotify.com/track/4pzpAPdFN0SLGx9oc5dagB,Mastodon,Malin Genie
https://open.spotify.com/track/7uT8Jnc5pvAh6LghZpM8T8,The Future feat. Robert Owens,Damian Lazarus
https://open.spotify.com/track/1rr8Vrg1EDovBU7vHmePap,Infinity,Matthias Meyer
https://open.spotify.com/track/3orvoGKOfx3H2WB0qYbHs7,Do It All Night,DJ Minx
https://open.spotify.com/track/6SKDs0q95ZpmiVot0UYPVC,Grab Dat Ass All Night,Kiddy.Wav
https://open.spotify.com/track/11xpRDD90YVwVPYkf3b31T,New York Style,Mateo & Matos
https://open.spotify.com/track/2LDbHa87vrruqNVfN5Qkdp,La Nota,Dauwd
https://open.spotify.com/track/18XQ8eo6c4RJyuEBAg6Ru9,U Won't C Me,Mystic Bill
https://open.spotify.com/track/0pI1I3LwZRXOz1NjmTPQxj,Watchin Out (Dirty Channels vs. Danny Russell),Dirty Channels
https://open.spotify.com/track/4XJl0b2gNKyqv8qgPxu63w,Déjà Vu Bass,Textasy
https://open.spotify.com/track/4UKZT02VBRvzW6U3eXfONa,True Love,Mirco Berti
https://open.spotify.com/track/7s12v8WY72vTwpbBGjCrN3,Real Hawt,Meg Ward
https://open.spotify.com/track/5ZmvDdE92V5NyUgiyBzK17,Last All Night - 1-800 Girls Remix,Meg Ward
https://open.spotify.com/track/2pvasnYHNIopqPs6J4cFMd,Locked On,Chris Lattner
https://open.spotify.com/track/0jyv40TTMaX21Kue5KV463,Out Of Bed,Chris Lattner
https://open.spotify.com/track/6m2MdxEMWOfFVBdcanKHF8,Copyrighted,DJOKO
https://open.spotify.com/track/7mVwUmcNxeMdrmb7WeUqfX,The Returner,Cody Currie
https://open.spotify.com/track/6wmBvA87UDNAVtO5Kxl52r,For You,Denney
https://open.spotify.com/track/1nbaCBV6B7MEJ454Xr8HsD,FINÉ - Ben Hixon Extended Edit,RAMI
https://open.spotify.com/track/1ObzHPFPuFE3UZQffIU7ky,Loos,Ari Bald
https://open.spotify.com/track/2SVQ2H41ygalSMMRbK6f5l,Midnight Special,Detroit's Filthiest
https://open.spotify.com/track/63bGuRZqCvIh4TXSBbMgio,Ghetto West Coast,Hermeth
https://open.spotify.com/track/5C795vo0TwwAyv8skA1R7p,Let's Get High,Freqish
https://open.spotify.com/track/53JDt87PdZrBSA3gN95t1Y,In Love,Bella Boo
https://open.spotify.com/track/7yRSHctVy8YCEDPKHlfdpL,Spacefunk,Stussko
https://open.spotify.com/track/3w7ClF0o8GSJ0hv6zsPR2a,Staring at the Sun,Stussko
https://open.spotify.com/track/6fsIncwBnMjaCeUaftZCTZ,Melondrop - Chicago Mix,Cratebug
https://open.spotify.com/track/7gegk1Zxp7fz5Lr4Uvfxrh,Deep Energy,Armless Kid
https://open.spotify.com/track/0zCOVPJgaSmNFdTp3N0XiG,What U Doing,Dennis Cruz
https://open.spotify.com/track/6ukoGH0t4RbK3tCqbCpbbN,No Shade,myst milano.
https://open.spotify.com/track/2KodPDsp2Jtc4mjOCzt2jF,Del Mar,BS Radio
https://open.spotify.com/track/1h7VbIs069cbUGXQX7JRq8,Forever Sade,Paradiso Rhythm
https://open.spotify.com/track/3b3TFgnFPhUSk8lvHdO6lX,Acid in My Blood,Channel Tres
https://open.spotify.com/track/53HdTkLlaxcXT9JaXRdsJx,3am [Ian Carey & Eddie Amador Mix],Bobby Blanco
https://open.spotify.com/track/0wv4jffua6uguIbzABGtVE,Nu Sound of Disko,Andre Salmon
https://open.spotify.com/track/6hdsbwFvQb1b3mjXin3YjI,Searching,Ramin Rezaie
