Five,Dennis Cruz,Show Me / Five
Rocket Fuel,Patrick Topping,Rocket Fuel
Jack My Yum,Tiger Stripes,Jack My Yum
Mr. Blasta,Dateless,Mr. Blasta
Utopia 303,Dateless,Utopia 303 EP
Somewhere Comes To Me,Dateless,Utopia 303 EP
Control,Harry Romero,Control
Good Feelings,Martin Ikin,Good Feelings
Lemonade,Michael Bibi,Lemonade
The Spirit,Mighty Mouse,The Spirit (Remixes)
See You Next Tuesday (Danny Tenaglia's Return to Twilo Mix),Nicole Moudaber,See You Next Tuesday (Remixes)
Monster Tube,Oscar L,Multiplayer
Fever,Route 94,Fever
Bassline,Satoshi Tomiie,Resonant EP
Paris Madness,Samaran,Paris Madness
Jack Endlessly,Sidney Charles,Endless Jack
Dial Tone,Rebuke,Dial Tone
House Forever,Frankie Bones,House Forever
92 Thing,Eli Brown,Come Together
All Flow Rhythm Stack,Kolombo,All Flow Rhythm Stack EP
Back 2 Front,PAWSA,Back 2 Front
City Club,Fjaak,SYS01
Bottom Heavy,"Jerome Sydenham, Fatima Njai",Time Collapse EP
About That (Original Mix),Dateless,About That EP
After Hour Sweets (Truncate's No Vox Remix),Harvard Bass,Synthesized Homie (Deluxe Edition)
All I Want,Chus & Ceballos,All I Want (Technasia Remix)
Allez Ally (Shonky Remix),El Prevost,Allez Ally Remixes
Bassline Shuffle,Sidney Charles,Mono Shuffle EP
Blessed,Tiga & The Martinez Brothers,"Blessed EP, Pt. 1"
Bubble Ride,Jamie Jones,Pepper Shake
Sunday Sunset,Josh Butler,Get It Together
JENNY IS DANCING (SALSA MIX),GOLFOS,GOLFOS IN THE CLUB / JENNY IS DANCING
Make It Up (Hackman Remix),Tirzah,Make It Up
Makossa,Gimbrere,Breakbeat Passage EP
Motorola (Max Chapman Remix),Gorgon City,Motorola (Max Chapman Remix)
Cuando Mueves (The Deepshakerz Latin Re-rub mix),Dateless,Cuando Mueves 2021 - The Remixes
Firefly,Rafa Barrios,Firefly
Girl Meets Boy,Carlo Lio,Girl Meets Boy
Illustration,Rafa Barrios,Chants EP
Laser Lass,Jamie Jones,Laser Lass
Topinambur,Robag Wruhme,Topinambur EP
Ex Stacy (Original Mix),Eddy M,Ex Stacy
Show Me,Eddy M,Show Me / Five
HOLE 9 (BIRDIE MIX),GOLFOS,HOLE 9 / 2C
Flubber,Lucas Moss,Glit Rats
Green Mousse,Okain,Daddy's Groove EP
Skum (Extended Mix),Rafa Barrios,Bandits EP
Toxic Funk (Dennis Cruz Remix),Ramon Tapia,Toxic Funk EP
"Babe,You Are My Favorite Plugin",Reelow,"Baby,You Are My Favorite Plugin"
Shake Shake,Stefano Crabuzza,Shake Shake
Sweeping Down,Stube,Sweeping Down
SMML,t e s t p r e s s,SMML EP
Xfer,Tom Flynn,Space EP
Bizzi,Wheats,Bizzi
G.T.N,Wheats,G.T.N
workandworkagain,Blackchild (ITA),workandworkagain
Stay With Me,Sergio Sergi,Stay With Me
Argew Neka (Original Mix),Emanuel Satie,Addis Ababa EP
Paradise (feat. Insight) (Extended),Rossi.,Paradise (feat. Insight)
A Lost Dub (Lwrmx),Mr. G,Tokyo EP
Hydroponic,Dennis Cruz,Hydroponic EP
Eva Mendes,Mosca,Eva Mendes EP
Honey (feat. Matthew Dear) (Patrick Topping Remix),Dense & Pika,Honey (feat. Matthew Dear) (Patrick Topping Remix)
Midnight Lullaby,Michael Bibi,ISOLAT001
Closing Doors (Original Mix),Squicciarini,Closing Doors
Feel My Butterfly (Jamie Jones Tribute To Aaron Carl Remix),Parris Mitchell,Feel My Butterfly (Remixes)
THE BOOMBOX (EXTENDED MIX),PAWSA,THE BOOMBOX
Jus Sayin (Ecstasy),Steve Lawler,Jus Sayin (Ecstasy)
Planet Session,Patrick Topping,Planet Session EP
Seafood,Kreature,Raw Grooves Vol.2
Housepital,Riva Starr & Dajae,Housepital EP
Above,Girls of the Internet,Above
Suppositions,Blackchild (ITA),City Cutz EP
Bon Voyage,Christian Smith,Bon Voyage / Movement
Broke My Heart,Legit Trip,Broke My Heart
4 Emergency,Francisco Allendes,4 Emergency
Keleidisco,Dj Chus,Keleidisco
Initiate,Lexx Groove,"This Is CUFF, Vol. 2"
Bumbum,Groove Killah,Bumbum EP
Alley Rave,Andrea Oliva,Alley Rave
Maki,Manu Fuentes,Sushi
Say Hush,Federico Ambrosi,Say Hush
Runnin' Check,Disfreq,All My Friends EP
Ogunhe (Extended),Hassler,Ogunhe
Down,Otistic,Down EP (Extended Mixes)
Lights Out (Original Mix),Rone White,Lights out EP
Catch It,Eddy M,Catch It
Get Them Up,Dennis Cruz,Get Them Up
Mother F*cker (Original Mix),Dennis Cruz,Freaks
Gyoza,Sandhog,Gyoza
Ergot,Damian Lazarus,Crosstown Rebels present SPIRITS III
Going Up,Eddy M,Going Up
Digging,Arapu,Travel In EP
Baby,Avision,In My Mind
A Walk in the Park,Dj Minx,A Walk in the Park
So Dope,Gaetano Inglese,So Dope
Constructive,Isaiah,Confused
Here And Now (INVU's Lexicon Remix),Markus Homm,Here And Now - INVU Remixes
You Belong to Me,Miane,You Belong to Me
Whispers In The Wind,Michael Bibi,Summer Sampler 2021
Play In The Dark (Troxler's Freak Mix),Seth Troxler,Play In The Dark
Bon Bini,Shermanology,Bon Bini EP
Rayna (Shanti Celeste Remix),Trance Wax,Rayna (Shanti Celeste Remix)
Work This Track (126 Bpm),Truncate,Work This Track
WRKTRX 3,Truncate,WRKTRX
Que Pasa?,YUNG PRADO,Que Pasa EP
Mind Bend (feat. Daniel Bell),John Tejada,Madness
Pinger (Goodies Edit),Youandewan,Goodies Too
Flight Pattern,Urulu,Mushroom Valve
Vibing,Detlef,Summer Sampler 2021
The Birds,Cosmicfellas,The Birds
