200704,Lady Starlight & Rødhåd,WSNWG006
Psykhosis,Phyxix,Phyxix 002
Fairy Dust,ANNE (GR),Fairy Dust
Less Effects,Kameliia,IV
Freedom,The Southern,Panic Mode
Thought Dealer,AADJA,Thought Dealer
Understand Me (PTU Remix),Agency666,Fear of the Unknown Remixes
Everlasting,Alan Fitzpatrick,Immortal Daydream EP
Daya,Amotik,Daya
Benefit,Anthony Naples,Fog FM
Reverse,Arkan,Skalter EP
Skalter,Arkan,Skalter EP
Peacekeeper,Arthur Robert,Transition Part 2
Journey,Bad Boombox,Journey
Emergence,Ben Ritz,Program Maintenance EP
Altai (Rene Wise Remix),David Löhlein,Vision I - NYSA Remixed
Identifier (Marcel Dettmann Remix),Deniro,Identifier
Thirty Seven (Original Mix),Dotdat,Point of View Vol. 2
Bdsm,Dreamkiller,Inner Secrets
Metanoia,Dubfire,Rubber
Misinterpretations of Reality,Function,Awakening from the Illusory Self
Ambigramma,Giovanni Carozza,SUM 9
Dopamin,"Grindvik, Pfirter",Dopamin
Hood Thang,Hertz Collision,Hood Thang
Project Mantis,Industrialyzer,Project Mantis
Nuclei,Josh Wink,Nuclei
We Will Chat,Kai van Dongen,Free Your Mind EP
200701,Lady Starlight & Rødhåd,WSNWG006
Angry Teleprinter,Marçal,Reduction Pt. 2
The Advanced Series Vol II B1 (Mark Broom Edit),Mark Broom,Conform Re-Touched Series Vol.IV
Hostage,Mark Broom & James Ruskin,No Time Soon EP
Hush Now,Nene H,Hush Now (VTSS Remix)
Let Em Fall,Nocow,We Are Not Alone Pt. 1
Spreading Waves,Octavio,Leave Home Volume 2
We Will Not All Fall (Matrixxman Remix),P.E.A.R.L.,We Will Not All Fall
Crazy Trip,Paula Cazenave,Best Sellers
Rise,Pfirter,Paralelo 002
Great Attractor,Phara,The Great Attractor EP
The Nest,Phyxix,Phyxix 002
Raww,Planetary Assault Systems,Raww
Pull,Planetary Assault Systems,Structures and Solutions
Nine,Psyk,Time Foundation
La Valse 01,Quelza,La Valse
Pleasure Note,Rene Wise,Pleasure Note EP
190205,Rene Wise & Rødhåd,WSNWG007
Nothing Stops Detroit,Robert Hood,Mirror Man
The Cure,Robert Hood,Nothing Stops Detroit
7 Mile Dog,Robert Hood,Nothing Stops Detroit
Silent Tension,Setaoc Mass,We Are Not Alone Pt. 3
Tilim At Night,Shlomi Aber,Tilim At Night
November,Skudge,The Rhythm (Disc One)
Motor,Slam,Quiet Riot EP
Interlynx,Stef Mendesidis,Memorex EP
Unsure,Subjected,STRISCTRX VA EP
The Beholder,Temudo,Not The End But A Change
Concentrate (Josh Wink Interpretation),Truncate,"Remixed, Pt. 5"
Basic,Truncate,We Are Not Alone Pt. 3
Folge Mir,U.R.Trax,Fear Enough
Clock Divider,Viels,Timeless Speaks
Bleep This Mess,Vil,The Groove Dealer
Mara,Yan Cook,Echus Chasma EP
NO,박혜진 park hye jin,How can I
aahan - idle,,
Breathe Deep,Spartaque,Nobody Listens to Techno 9
Replicating,A.Paul & DJ Dextro,Various Artists Part 1
Baya,Amotik,Daya
40 Spiral,Blawan,Immulsion EP
My Guide to Dancing on Carpet,Blawan,Make A Goose
Haiko,Bleak,Haiko
Minimalism 1,Cari Lekebusch,Minimalism
Minimalism 2,Cari Lekebusch,Minimalism
Futhorc,Cari Lekebusch,Totem
EVO.06,cravo,EVO
Solace,Danny Wabbit,Internal Jungle EP
Schizophrenia (Original Mix),Danny Wabbit,Schizophrenia EP
Infrared,Deluka,Echoes
Random 47,"Egbert, Secret Cinema",Vortex EP
EQD009A,EQD,Equalized #009
210407.1,Fadi Mohem & Rødhåd,WSNWG008
Cyber Slaves,Indira Paganotto,Red Ninja
Page 4,James Ruskin & DVS1,Chapter One
Bring Me So High,Kaiser (K S R),Fear Of Heights
Ainozama,Marçal,Reduction Pt. 1
Droste Effect,Marçal,Reduction Pt. 3
Hong Kong (Night),MATRiXXMAN,Planet X EP
Swamp Dancer,Rene Wise,Pleasure Note EP
When I See You,Risa Taniguchi,When I See You
Chroma Light,Robert Hood,The Blueprint EP
Shams (RONY Group),RONY Group,Go Shawk
Wie Viel Haut,Schwefelgelb,Der Rest Der Nacht
PNQ,Truncate,HYD
2AM,UFO95,Popularity Is Overrated
No Love Lost (Temudo Remix),Vinicius Honorio,No Love Lost EP
Exomoon,Yan Cook,Antimatter EP
Afrika Salam,Yotam Avni,SUM 10
Reach,Truncate,Save our HOME
Dubiety,Rifts & Dajusch,Dubiety
First Phase,Truncate,First Phase
First Phase (PAS Jam 1),Truncate,First Phase
In My Mind,Rove Ranger,101010
"05h33 (Adagio, Piano Sonata No. 14, ""Moonlight"") - Beethoven Remixed",Anetha,"05h33 (Adagio, Piano Sonata No. 14, ""Moonlight"") - Beethoven Remixed"
Aura (Pan-Pot Remix),Anja Schneider,Aura (Remixes)
Action,BAUGRUPPE90,Sportbeton
Break The Rules (Original Mix),Chriz.jae,Dimension Y
Elasticity (Alden Tyrell),Edwin Oosterwal,Elasticity (Alden Tyrell & Dennis Quin Remixes)
Mnmlstc,Egbert,SUM 11
Countdown,Hemka,The Portrait of Nina Sayers EP
Hostie,Hiss,Ecclesia
Alphas,Hybrasil,Module H
Sputnik,Javi lago,Sputnik
May Minimal,Josh Wink,Detroit Stab / May Minimal
Backstage Gathering,Keith Carnal,ARTSCORE005
Jamal,Komfortrauschen,SUM 11
Lost the Way,Larry Cadge,SUM 11
Escape,Lerio Corrado,SUM 11
Lesson,Marçal,UNCAGE MISSION 03 (Curated by Hertz Collision)
Zone X,Mathys Lenne,Sense
Ples (Original Mix),Mind Machines,Dragging Out The Universe
What Was,Nicole Moudaber,What Was / What Is
Skin on Skin,Pan-Pot,Skin on Skin
Devotion,Planetary Assault Systems,Sky Scraping
Dogs,Rene Wise,Jungle House
Jungle House,Rene Wise,Jungle House
Collapsing Human Relations,The Transhumans,Spiritual Downfalls EP (Digital)
Multiply,Truncate,Multiply
Echelon (Original Mix),Vinicius Honorio,Horus
Trust your senses,Volpe (ARG),UNCAGE MISSION 03 (Curated by Hertz Collision)
Seen,Cari Lekebusch,Seen
