Lovelee Dae,Blaze,Lovelee Dae Bicep Remixes
Orange Blank,Chaos In the CBD,Orange Blank / Green Dove
Black Russian,DVS1,Klockworks 13
Don't Leave Me,Fjaak,Don't Leave Me / Plan A
Lately,Metronomy,Metronomy Forever Remixes
Equation,Palms Trax,Equation
Tracey In My Room,Everything but the Girl,Like The Deserts Miss The Rain
Gianluca Monfrecola - Black Sheep (Original Mix),,Baikonur Recordings FREE PACK
Final Credits,Midland,Final Credits
Muzik X-Press,X-Press 2,Muzik Xpress
Paris 2006,Axel Boman,"Late Nights, Vol. 2"
Can't Help It,Baba Stiltz,Can't Help It
Calliope,Cassius,Dreems
Gypsy Woman (She's Homeless),Crystal Waters,The Best Of Crystal Waters
Tilted,Hot Since 82,Tilted
Joy,Icarus,Unfold
Signs,James Shinra,Signs
Heaven Could Be Lately,Jayda G,Sixth Spirit of the Bay
Inspired,Junior Sanchez,Inspire
All the Basses,L-HORZE,All the Basses
Do You Get,Middle,Do You Get
Sweat It Out,Mija,Sweat It Out
Rearrange My Mind,Monolink,Amniotic (Deluxe Version)
Infinity,Priori,Infinity
Leave Me In My Broken Dreams,Raar,Cause It's Dirty
Piknik,Riva Starr,Curveballs
The Greatest Dancer,Robert Hood,The Greatest Dancer
This Moment,Tade Kop,This Moment
Funkert,Virginia,Funkert / Raverd
Get Your Sweat On,Breaka,"Slam Jams, Vol. 1"
39 Times (Confrontation) (Extended Mix),Chaney,39 Times (Confrontation)
The Semimodular Bird of Jazz,Felipe Gordon,The Semimodular Bird of Jazz
Decompression,Harrison BDP,Fair
Pianos of Gold (Ian Pooley Mix),Jovonn,Goldtone Edits
Mogeri,Dan Kye,Small Moments
"Dancing, No Sleep (Danny Howard's Deeper Extended Mix)",Andrea Oliva,"Dancing, No Sleep"
Broken Heart,David Jackson,Broken Heart
Phantasy (Original Mix),Deejay Astral,Deejay Astral
Chicago Love,Felix da Housecat,Chicago Love
Something (On My Mind),Jack J,Looking Forward To You
WhereYouGonnaGo?,Jitwam,WhereYouGonnaGo?
Sol (Extended Version),Kasper Marott,Sol
Holiday,Roy Ayers,Holiday (Ben Rau Remixes)
I Can Never Be Yours,Coeo,Piano Workout
Shake A Lil Faster (Original Mix),Detroit In Effect,Work It
Chantal,Leo Pol,IILE 02
F.E.M.,Leo Pol,IILE 04
This must be illegal,Leo Pol,Uniile 2
Move Me (Original Mix),Mood II Swing,Move Me
Needledrop (Laurence Guy Remix),Session Victim,Needledrop (Laurence Guy Remix)
NYC Dirty Talks,Black Loops,JAH Love
Illusions,DJ Dove,Illusions
Swingin',Freiboitar & Bas Roos,Swingin'
Blorp93,Gnork,Dream House Volume 1.2
Ischia,Isola,EP1
Feel The Piano,Raymond Castoldi,X-Ray Records 1992-1994
The Solo,Raymond Castoldi,X-Ray Records 1992-1994
Timeless,Superlover,Timeless
Twisted Disco 77,Terrence Parker,Twisted Disco 77
Nature Yourself,Tilman,One for the Trouble
Got it to Work,Earth Boys,Got it to Work
Your Love Gets me High,nørus,I'll Wait For u Tonight_EP
I'll Wait For u Tonight,nørus,I'll Wait For u Tonight_EP
All I Wanna Do Is Love You,Chevals,All I Wanna Do Is Love You
Holding You,Daniel Bortz,Stay
What U Want (Chris Stussy & DJOKO Remix),Enrico Mantini,Remixed
Big Love,Pete Heller's Big Love,Big Love
Got 2 Be Loved (Extended Mix),Soul Reductions,Defected Ibiza 2019
Duophonie (Club Mix),Tour-Maubourg,Duophonie EP
What I Saw That Night (feat. Velectric),Akın Paksoy,What I Saw That Night
Groove La Chord,Aril Brikha,Deeparture in Time - Revisited
All That Blue,Blue Hawaii,Open Reduction Internal Fixation
When Will the Day Come,Bobby Analog,Body Fusion 002
Grand Hi,Bruise,Presentation - EP
Boogie Trippin,Chris Stussy,Boogie Trippin EP
From The Vaults,Cinthie,803 Crystal Grooves 004
Just Off Wave,CZ Wang,Just Off Wave / Open Mic Beat
Conscious of My Conscience (Borrowed Idenity Remix),Freaks,"Rebirth 10 Remixed, Pt. 2"
Colouration (Original Mix),Glenn Underground,Atmosfear
I Needed,Hanna,"I Needed / Intercession, On Behalf"
SMBC,Harry Wolfman,The Ritual EP
Just Let Me Know,Hush Hush,Love on Wax
That Cute Thing She Does,Hush Hush,Love on Wax
Thinkin' Bout You,Hush Hush,Love on Wax
How True Is Your Love,Hush Hush,Love on Wax
Stella,Jam & Spoon,Tripomatic Fairytales 2001 (Deluxe Edition)
Chantal feat. Quelle Rox,Koko,Love Me ASAP EP
I Still Love You,Long Island Sound,fabric presents Maribou State
Heard It,Madcat,Deuxième Virage
Partenope,Manuel Di Martino,The Gold Of Napoli
Daily Prayer,Mr. G,Up Hill Battle EP
Signal,p-rallel,Soundboy
Chikyu-u 002,R.M,Chikyu-u 001/002
Organica,Sidney Charles,Organica
Palermo,Sidney Charles,Organica
INka (Original Mix),Steve Hammer,Booster
Disko Axiom,Terr,Permanent Vacation 6
Suki,Black Loops,No Questions
You've Got That Sound,Dan Shake,We Have Love
Closer (Extended Mix),Flashmob,Closer
Roach Fingers,Jesse Bru,Roach Fingers
Meantime Town (Original Mix),Lis Sarroca,Sisters
Sisters (Original Mix),Lis Sarroca,Sisters
Mushrooms (Salt City Orchestra Out There Mix),Marshall Jefferson vs. Noosa Heads,Mushrooms
Style Is the Answer,Mash,Style Is the Answer
Jus Dance (Christian Nielsen Remix),Mr. V,Jus Dance (10 Year Anniversary Remixes)
Call the Pompelars,Naux,Calm Down Beach
Dubby Tales,Ruff Stuff,Dubby Tales EP
Am I Just Living,Shee,Champagne & Guinness (Album Sampler)
Be Who You Want To Be,Ben Rau,Organised Kaoz 001
LS Anthem,Cody Currie,Moves EP
Moves,Cody Currie,Moves EP
IXP-42,Cromby,Twisted Future EP
Crave You (Hush Hush Bootleg),Flight Facilities,Crave You (Hush Hush Bootleg)
1997,Jossy Mitsu,Planet J
Otro Mundo,Tomàn,Otro Mundo
All A Bit Mad,Wayward,Waiting For The World
November,Skudge,The Rhythm (Disc One)
My Love,ABSOLUTE.,My Love
Haven't You Heard (Butch Remix),Alan Fitzpatrick,Haven't You Heard (Butch Remix)
Unconscious Therapy,Andy Ash,Unconscious Therapy EP
Shimmer,Anzu,Four Wheel Drive
Untitled 38490,Binary Digit,EP 2
Mahia Madness,Chaos In the CBD,Te Puke Thunder - EP
Evening Drive,Chris Stussy,PIV ADE SAMPLER 2019
Shadow (Maceo Plex Remix),Chromatics,Shadow (Remixes)
Certified,Demi Riquísimo,Certified
7 Days,DJ Döner,The Future Sound of Schöneberg
before you go,dj poolboi,Rarities
Optiumum Thinking,DJ Q,Twentyfourseven
Holding onto you,Djoko,Lesson 1 EP
Dormancy (Jon Hester Remix),Eddie Hale,Dormancy
end of the nite,Elles,summers_of_love
Breath,Fjaak,FJAAK 006
Eshays In Laneways,Grant Turismo,Expert Sleeper
Expert Sleeper,Grant Turismo,Expert Sleeper
Norse Prince,Grant Turismo,Expert Sleeper
I Hadn't Known (I only heard) (Bonus Track),Herbert,Around The House (Special Edition)
you are,Isolée,candy apple red EP
For All My Wrongs,James Pepper,For All My Wrongs - EP
Aquarius Swing,Javonntte,Groove Theory
In My Heart,Jesse Bru,Happiness Therapy LP01 : The Coast
Lightyears,Juan Atkins,Juan Atkins & Moritz von Oswald Present Borderland: Transport
Track 1 (Original Mix),Kerri Chandler,Atmosphere E.P. Vol.1
Rain,Kerri Chandler,Rain (Vocal Remix Harry Romero Edit)
Dighaus,Kevin Over,Schatten EP
Freak Like U (Club Mix),Masarima,Freak Like U
You Want the Best,Omar S,You Want
Hiding In The Deep,Orlando Voorn,Hiding In The Deep
Make Believe,Paluma Sound,Make Believe
New Day (Club Vocal Mix),Round Two,1993-99 Main Street Records
Bound Together,Route 8,Rewind The Days of Youth
Force,Technasia,"House Definition, Vol. 4"
DTW 2 LAX V1,Truncate,DTW 2 LAX
By Your Side,Viers,Dolphin Telephone / By Your Side
Moi Aussi Marianne,Yatoba Lia,Moi Aussi Marianne
A.A.L.A.S,Denis Sulta,Sulta Selects Vol. 1
Always Yours (subdaio edit),Clara La San,"Bitch, Please (20K Compilation)"
JL,Al Wootton,JL
Starlight,Alister Fawnwoda,Starlight
Lawdaa Mercy,Ase Manual,Black Liquid Electronics
Kyo (Original Mix),B FROM E,Many Worlds Scattered Through The Shining Disc Of The Galaxy
Danse sur l'Hardcore,Black Loops,Danse sur l'Hardcore
"Sandman (Original 12"" Mix)",Blue Boy,Sandman
Flame,Cody Currie,Flame
Harajuku Hammer,Cody Currie,Harajuku Hammer
Stolen Land,Colossi Rah,Stolen Land
Holy (Totally Enormous Extinct Dinosaurs Remix),Damian Lazarus,Holy (Totally Enormous Extinct Dinosaurs Remix)
Dilemma,Danny Wabbit,Los Oscuros
Red Room,Dantiez,Red Room
Life Is Like A Circle,Derrick Carter,A Red Nail Relic
Hypnotize ,DJ Ædidias,L'aquitaine
Ambient Dance,Earth Trax,LP2
Cold Nights,Felipe Gordon,Cold Nights
All I Do,Felix da Housecat,All I Do
R U Still Well,Finn,A Good Place
Can't Believe,Galcher Lustwerk,Can't Believe
Above,Girls of the Internet,Above
Anti-Lag,Harrison BDP,Rhythm Is Key
In My Dreams,Holo,In My Dreams
The Theme (Love from San Francisco Remix (2021 Remaster)),Hot Lizard,The Theme (2021 Remasters)
And Groove,India Jordan,Watch Out!
Sunday In Paris,Jamie Jones,Handy Work
IWD,Jesse Bru,IWD
Grumpy Monkey,Jimi Jules,Ham The Monkey EP
Back to My Place,Jitwam,Various Channels Vol.1: NYC
Ascension Island,Jon Sable,Te Puke Thunder - EP
Love Changed Me (Dave Clarke Remix),Joseph Capriati,Love Changed Me (Dave Clarke Remix)
Random,Jovonn,Random / Get Over It
Determination (Dub),Justin Jay,Determination
I Feel It,Kerri Chandler,Finger Printz EP
Hello Echo,Kiwi,Hello Echo
Zero Feel,Kornél Kovács,Zero Feel
Stranger,Krotone,Stranger EP
Lucid Dream,Lauren Lo Sung,CARE4LIFE
Untitled Needs,Laurence Guy,The Sun Is Warm and Directly Above You
Jiyuh,Lemtom,The Lobster Pot
Break My Heart,Letherette,"Mander House, Vol. 2"
Come Rain Or Come Shine,Luz1e,WAR2101
MY HOUSE (Beraber Remix),LYMA,MY HOUSE / BLEAK
The Hague Soul,Makám,The Hague Soul
Come the Morning,Malin Genie,Come the Morning
State Of Art (Ryan Elliot Dub),Marcel Dettmann,The State of Art EP
Toi et moi,Marcu Rares,Toi et moi
Ease Ya Mind (Mango Boys Dub),Mr. G,Just Wanna Dance EP
In Gratitude (New Moon Mix),Mr. G,Tokyo EP
Born a Loser (Mad Rey Remix),Myd,Born a Loser (Mad Rey Remix)
Synesthesia (Pariah Remix),Nathan Melja,Synesthesia
The NY House Trak,NY Stomp,Can You Feel It?
Bayside,Obskür,Bayside
Super Solid,The Paradox,Counter Active
Freaky Dreamz,Partiboi69,Freaky Dreamz
Sun Phase (Human Movement Remix),Pretty Girl,Sun Phase
Detroit Hustle,Rick Wade,Late Night Basix Vol. 2
Fall Night,Roberto Rodriguez (Manolo),Thinking Of You
In My Mind,Rove Ranger,101010
They,Ruff Stuff,They
Ocean (feat. Jamie Foxx) (Moodymann & Amp Fiddler Extended Remix),Solomun,Ocean (feat. Jamie Foxx)
Jessica (DJ BORING Remix),Surya Sen,Jessica (DJ BORING Remix)
Notice,Tammy Lakkis,Notice
Lost Angel,Theo Parrish,Smile
Lie Machine,Theos,Lie Machine
Ground Loop,Tissu,Unmanned Vehicle
Let Me Tell You Somethinn (Tee's Illhouse Mix),Todd Terry,Let Me Tell You Somethinn
Give,Trudge,Give
Don't Stop,Ulf Bonde,Handle It
3AM Gang Shit,Upper Class,3AM Gang Shit
Fuck This Dub,Vil & CRAVO,Klockworks 32
Back To The Old Days,Wayward,Waiting For The World
Billy Green Is Ded,WBEEZA,Peckham Fly / Billy Green Is Ded
Pinger (Goodies Edit),Youandewan,Goodies Too
Can you (Galcher Lustwerk Remix),박혜진 park hye jin,Can you (Galcher Lustwerk Remix)
Visual Basic,25 Places,Visual Basic
Ethereal Stepping,AceMoma,AceMoMa
Music Blast'n (Tilman's Breezin' Mix),Caleb Jackson  ,Music Blast'n (Tilman's Breezin' Mix)
Coral Castle,Chaos In the CBD,Te Puke Thunder - EP
elope,dj poolboi,elope
Lipsing,Dreamkiller,Lipsing
Done Good,Drum Thing,Eyes Open EP
Dawn,Fluxion,Perspectives
Things You Do For Me,Freestyle Man,Those Things
Excuse Me,Hemi,Excuse Me
Today's Courage,Intr0beatz,Today's Courage
All Of The Time (DJ Streaks Remix),Jungle,All Of The Time (DJ Streaks Remix)
Take Me Back,"Marcel Vogel, Tim Jules",Take Me Back
Missing You,Pandar,Missing You
Proud,Qrion,Proud
Night Ride (with Lex Amor),Seb Wildblood,Night Ride (with Lex Amor)
Hide and Seek,Session Victim,10.000 Hours
Boy Is Bangin,TAFKAMP,Paling Trax 3
14 Joints in a Spaceship,_tillus,14 Joints in a Spaceship
A Dream I Have,Totally Enormous Extinct Dinosaurs,The Distance
Maboroshi,Unknown,Unknown 04
Loving Ain't the Same,DJ Houseplants,
Break Your Rules,Fényan,Da Real EP
Sake Of Lust,Flaurese,Sake of Lust
Desire,Froman,Desire
Looking Forward To You,Jack J,Looking Forward To You
There's No You,Matt Wilson,Arts and Crafts
ALL THESE INSTRUMENTS (AceMo Remix),Nick Hakim,WILL THIS MAKE ME GOOD (The Remixes)
Naima Blue,Soul Wun,13th Hour Vol. 5
Rose rouge (Nightmares on Wax ReRub),St Germain,Rose rouge (Nightmares on Wax ReRub)
Every Plane,Stand High Patrol,Our Own Way
Tissu - Ground Loop (Beat Gridded),,
Sesame,Shanti Celeste,Tangerine
Smooth Arrangements,Klaus Veen,Ordinary Beats
Hold On (Classic Vocal),Romanthony,Hold On
Shades,Laughing Man,Shades
Dubiety,Rifts & Dajusch,Dubiety
The Snoofer,Moomin,The Snoofer
Shadows (Mella Dee Remix),parjo01,Shadows
Seele,COMPUTER DATA,Seele
Something Special,Zeitgeist Freedom Energy Exchange,Kreuzberg Kix
Broke My Heart,Legit Trip,Broke My Heart
Ain’t You Pretty,Ango Tamarin,Ain’t You Pretty EP
Travel In,Arapu,Travel In EP
Dreaming of a Disco,Baltra,Dreaming of a Disco
Chinese Whispers,Ben Murphy,Your Fault
TAPE 1,"Black Loops, Nikoss",SEVEN HILLS Archives
When We Used To Play,Blake Baxter,When We Used To Play
Sun Salutations,Breach,Sun Salutations EP
THE CHEF & THE DJ,_BY.ALEXANDER,000 CHANNEL BLACK
Throw,Carl Craig,Best of Techno (Compilation Tracks)
Sensitive Response,Carlo,Sensitive Response
Strictly Business,Clive From Accounts,Strictly Business EP
Acid Trifle,Cromby,Loving
Obsessive,D.D. Project,Deep South
Le Monstre du Lockdown,Deborah Aime La Bagarre,Le Monstre du Lockdown
Nothing 2 Lose,Dj Cinéma Quartier Latin,Chez Critique: Synesthesia
Shake,East Coast Love Affair,Confrontations
Bacchus Won't Stop,"Eden Burns, Christopher Tubbs",Burns & Tubbs
Time to Move Close,Eris Drew,Quivering In Time
As Long As There's Love Around,Farben,Farben Says_Don't Fight Phrases
Blood Moon,Feater,Money
"Momma, It's a Long Journey",Felipe Gordon,A Landscape Onomatopeya
I Believe In You,Fred P,I Believe In You
happens all the time,geneva,
I Love,Harry Romero,I Love / The City
Your Love,Idan Hana,Your Love (Black Loops 1AM Mix)
I Feel,Justin Jay,Lost Boi
What Will We Do,Kerri Chandler,What Will We Do
Control,KUF,Kufism Pt.2
Feel the Beat,LB aka LABAT,Feel the Beat
Avant Garden,Lemin,Aprh002 - Earthquake Va
Groove Therapy,Lexis,Branch Of Knowledge
Bumpin' Headz,Locklead,Square One
Vogels van de Esquilijn,Malin Genie,Midnight Zero
Reach Out,Marc Rebillet,Loop Daddy
Unity,Marco Berto,Unity
On My Mind,Maruwa,On My Mind
"It's What We Live, It's What We Are",Masters at Work,"It's What We Live, It's What We Are"
Jigoo,Maurice Fulton,Earth EP
Bail-E,Mr. Ho + Mogwaa,Eu li EP
Love Note,Nautica (UK),Affection
Spotter,Nolon,Repertoire
Better Do It Right,Odette,Better Do It Right
Don't Say a Word,&on&on,High Desert EP
Don't say a word (Original Mix),&on&on,High Desert EP
Take Me Away,Qubachki,Take Me Away
Frontline High,Retromigration,Versace Sheets
Traces,Saine,Halftone
Glide Till Dawn,sansibar,Paradise Industrial Complex
Réveiller (feat. manon),Shaolin Cowboy,Réveiller (feat. manon)
Reach,Stefan Ringer,FWM003
Resonance,Substance,Libration
New Ferrari,Surprise Chef,Masters at Work & Harvey Sutherland (Remixes)
Chicago Sunrise,Sven Tasnadi,Chicago Sunrise
wit u uptae?,t e s t p r e s s,wit u uptae?
Bloody Mess,Thabo (DE),Bloody Mess
Broken Ring,Theos,Turn Up Marty
$iTTIN,Tlim Shug,$iTTIN
Dub 002,Tour-Maubourg,Dub 002
Train Ride,Triorität,Train Ride (Triorität Session)
La La Land,The Utopia Project,Intuition
Cola Beach,Youandewan,Cola Beach / Dolphin Splash Keyboards
