Kegffnayy - Check The Ones Below,Everyone On Acid,Everyone On Acid: Volume 1
EMYN - 100 Swipes,Everyone On Acid,Everyone On Acid: Volume 1
Falhaber - Laak,Everyone On Acid,Everyone On Acid: Volume 1
OGUZ - Touch My Soul To Fullfill My Pleasures,Everyone On Acid,Everyone On Acid: Volume 1
Ineffekt - Hadramawt,Everyone On Acid,Everyone On Acid: Volume 1
Nico Moreno - Brutal Sequence,,
Nico Moreno - Don't call your mom,,
Nico Moreno - Tension,,
Disk Space - Runtime Error,Everyone On Acid,Everyone On Acid: Volume 1
Maureille - Telefon Spaces,Everyone On Acid,Everyone On Acid: Volume 1
Atilla The Hvn - Neva Be A G,Everyone On Acid,Everyone On Acid: Volume 1
MØRS MÅRS - Frankenstein,Everyone On Acid,Everyone On Acid: Volume 1
Detention - Da Sind Wir Wieder,Everyone On Acid,Everyone On Acid: Volume 1
Grenade (Original Mix),"Claude VonStroke, Eprom",Grenade
Your Mind (Original Mix),"Adam Beyer, Bart Skils",Your Mind
202,Kill Frenzy & Chambray,202
Let The Beat Control Your Body feat. Louisahhh! (Original Mix),Brodinski,Bromance #1
Feeling Good (Original Mix),"BOT, Will Clarke",Feeling Good
Unknown Unknowns,,
Deadlight,AIROD,
Stickerbomb (Original mix),,ERVA001 - Various Artists
Basswell - Tapage ORIGINAL,,
Delta final,,
Dentis - Acid Domination MASTER,,
FACTORY new master,,
HAEDES - Industrial Disturbance (master),,
Hakko - Oreol,,
Paramod - Orbs ( Original mix ),,
Process 404-Latest Rave in the Bunker,,
Can You Hear Me (Enrico Sangiuliano Remix),Boris,Can You Hear Me (inc.Enrico Sangiuliano Remix) - ALLEANZA
Violence Illusoire,Brulée,Champ De Bataille
Champ De Bataille,Brulée,Champ De Bataille
Conflit,Brulée,Champ De Bataille
La Citadelle,Brulée,Champ De Bataille
Conflit (clair Remix),Brulée,Champ De Bataille
KRŸST - All The Problems Of Being,D É V I A N C E,
Drops Fall (Original Mix),Enrico Sangiuliano,Jewel Kid Presents 2 Years Of Alleanza
Missile,Enrico Sangiuliano,Restlessness / Missile - ALLEANZA
Restlessness,Enrico Sangiuliano,Restlessness / Missile - ALLEANZA
Aries (Luigi Madonna Remix),Enrico Sangiuliano & Matt Sassari,Aries (Inc.Luigi Madonna Remix) - ALLEANZA
StraitJacket,H,
aahan - idle,,
AIROD - Where The Fuck Did We Get Lost,,
Apocalyptic Machines [Master],,
Axel Picodot - Paranoid,,
BDSM (Dark Mix),,
Blood In My Ears (Original Mix) (1),,
Chontane - Slowo - JFM,,
CLTX - Bomb test [OBS007],,
CORROID - Fleisch und Schweiß,,
CØUCH - Dirty Ground [Original],,
HIPPØ - Solide (OBS005),,
JKS - Reduction,,
Kander - Rinse Out [Grounded Final Mix],,
Kaos - Dissipate Tension (Original Mix) [d_bMSTRG],,
Klankman - Fluister (Original Mix) [d_bMSTRG],,
Loco & Jam - Don't Blink(1),,
Nicolas Taboada - Rise (Original Mix),,
Process 404 -VHS,,
Realterit - Deprecated (Original mix),,
Trym - The Summer Of Rave 1989 (Original Mix),,
Space Raiders (Charlotte de Witte Remix),Eats Everything,Space Raiders (Charlotte de Witte Remix)
Atom (Original Mix),Ilija Djokovic,Gravity
Thinking About You ft Juliet Fox (Original Mix),"Spektre, Juliet Fox",Thinking About You
Basswell - Back to 90 (81mastering),,
Basswell - Intense Euphoria (master),,
Push - Universal Nation (Loco & Jam Remix) v2,,
Beat Development - Darker Concepts [Vince Lorenz Remix]320Kbps,,
Chris Masc -  Hai is Fisch ( Original Mix ),,
Darmec - System Deep (Original Mix),,
DnZ - Morph,,
Marcel Mai - Bones (A.P.T.A Remix)Master,,
Otin & Oliver Immer - Outburst Of Our Souls (Original Mix),,
Pisto Acid Rave Teknoislife,,
Yannick Tella - Renegade (Original Mix) FREE DOWNLOAD,,
74185# - Stop Report Me For Hate Incitation Bitch,RAW,RAW Compilation I First Blood Part3
Space Date,Adam Beyer,Space Date Remixes
Teach Me,Adam Beyer,Teach Me (Amelie Lens Remixes)
Closer,Charlotte De Witte,Closer EP
Wisdom,Charlotte De Witte,Wisdom EP
Return to Oz,Monolink,Return to Oz (ARTBAT Remix)
Otto's Chant,Skream,Otto's Chant
Simulated,Marco V,Simulated
A Strange Vision,Beico & Mt93,"Bangers, Vol. 1"
This Is,Drumcomplex,Faze #84: Karotte
Craving,Drumcomplex,"Techno Skulls, Vol. 12"
C166W,Joyhauser,C166W
HydroChloride,Joyhauser,C166W
Killer Queen,Joyhauser,Monophon Issue 13
Meteor,Metodi Hristov,Best of 2018
Only One,Ohne Alles,Back to Skull
Galactica,Patrik Berg,"Black Diamonds, Vol. 18"
Mind Odyssey,The Reason Y,Technoid Projection Issue 13
Breathe Deep,Spartaque,Nobody Listens to Techno 9
Is That Hurt,Spartaque,Techno and Tech House Flowers 8
Anywhere,Spartaque,Technorama 47
Urania,Teenage Mutants,"Thinking Forward - The Art of Future Techno, Vol. 21"
Dying Light,Transcode,Monotonic Issue 9
Dica,Umek,Monophon Issue 13
Phase,Veerus,Ehm Phase
Mind Awake,Wehbba,Catarse
Universe of 90's Techno Parties (Perc Remix),Airod,Molekül 15 (Universe Remix - EP)
Never The Same,Amelie Lens,Basiel EP
Her,Farrago,Where Angels Go Troubles Will Follow
Chimera,Ilija Djokovic,SUM 6
Confronted,Pan-Pot,Confronted Remixes
Sissel & Bass,Peder Mannerfelt,Sissel & Bass 4 Ever
Metal,Rebuke,Rattle
Don't Laugh,Winx,Don't Laugh (Agent Orange DJ Re-Work)
Move Your Body (Dance With Me),Fractions,Scars of Love
Dirty Acid,Schiere,Hard Drive 11
Higher State Of Consciousness,Josh Wink,Higher State Of Consciousness (Adana Twins Remixes)
Duke Dumont – Redlight Greenlight (Hugo Cantarra Remix),,
Ghettoblaster,Enrico Sangiuliano,Moon Rocks
6 To 6 Lick,Blawan,Non Stop
The Outsiders,Christian Cambas,The Outsiders
DARE U,Cirez D,DARE U
Domestic Violence,FenixForce,Inexcusable
Serum,Jacidorex,Molekül 14: Acid Flashback - EP
Exile 007 B2,Johannes Heil,EXILE 007
Los Pistolos,Julian Jeweil,Los Pistolos
Trained to the Floor,Schacke,Feeding the Chaos
Sun,Sustention,Orbit
The Advanced Series Vol II B1 (Mark Broom Edit),Mark Broom,Conform Re-Touched Series Vol.IV
All This Was Fire,Hector Oaks,All This Was Fire
Black On Black,SRVD,Black On Black
Breaking Point (Héctor Oaks Emergency Punk Remix).wav,Hector Oaks,Headrush EP
Breath,Fjaak,FJAAK 006
